text,is_urgent,category
"Good morning, How do I close my account and delete my dat?a. Any update?",0,cancellation
THIS IS UNACCEPTABLE! MY ORDER HAS NOT ARRIVED AND TRACKING HAS NOT UPDATED IN 12 DAYS.,1,shipping
Thanks in advnace! The profile page freezes and never finishes loading. Please advise.,0,bug_report
Hope you can help. My order has not arrived and tracking has not updated in 5 days. Thank you.,0,shipping
"ASAP. I AM SWITCHING PROVIDESR, PLEASE TERMINATE MY CONTRACT. PLEASE ADVISE.",1,cancellation
"ASAP. The payment failed but money left my account, please check the settings.",1,billing
"Hi team, Any plans for a native Windows PC app?. Any update?",0,feature_request
Hope you can help. My order has not arrived and tracking has not updated in 5 days. Please advise.,0,shipping
"Good morning, We would love an API endpoint for the settings.",0,feature_request
This is unacceptable! Notifications show up twice and the badge cuont is wrong.,1,bug_report
"Hi team, My order has not arrived and tracking has not updated in 5 days. Thank you.",0,shipping
Need help immediately! I need a copy of my receipt for the Pro plan.,1,billing
URGENT!!! Notifications show up twice and the badge count is wrong.,1,bug_report
ASAP. Can you support exporting to PDF with custom branding?. Please advise.,1,feature_request
"Hi team, The courier marked my order as delivered but I got nothing.",0,shipping
"Hi tema, Whree is my parcel? It was supposed to arrive 10 days ago. Thank you.",0,shipping
"Hello, I need a copy of my receipt for the Team plan.",0,billing
"Hello, I need to change the delivery address for my order.",0,shipping
Hope you can help. Suggestion: allow scheduling reports from the dashboard. Please advise.,0,feature_request
Thanks in advance! Suggestion: allow scheduling reports from the settings. Thank you.,0,feature_request
"Good morning, Clicking save on the report builder throws an error 500. Thank you.",0,bug_report
URGENT!!! Please cancel my Pro subscription effective immediately. Thank you.,1,cancellation
"Hello, Export to CSV produces an empty file.",0,bug_report
"Good morning, Turn off auto-renew for my Pro plan.",0,cancellation
Thanks in advance! Can you support exporting to PDF with custom branding?.,0,feature_request
"Hi team, Getting 'access denied' when opening the checkout page. Any update?",0,login_access
ASAP. We would love an API endpoint for the settings. Thank you.,1,feature_request
ASAP. My order has not arrived and tracking has not updated in 7 days. Thank you.,1,shipping
"Hello, Suggetsion: allow scheduling reports from the settings. Any update?",0,feature_request
"Good morning, Turn off auto-ernew for my Pro plan.",0,cancellation
"Hope you can help. I received a damaged item, the box was crushed. Please advise.",0,shipping
Hope you can help. Clicking save on the dashboard trhows an error 500.,0,bug_report
"Good morning, How do I close my account and delete my data?.",0,cancellation
Hope you can help. Notifications show up twice and the badge count is wrong.,0,bug_report
Thanks in advance! Clicking save on the report builedr throws an error 500.,0,bug_report
"Hi taem, Cancel my order, I no longer need it. Please advise.",0,cancellation
ASAP. WHY WAS MY CREDIT CARD BILLED AFTER I DOWNGRADED TO TEAM?. PLEASE ADVISE.,1,billing
"Hello, My account is locked after too many attempts. Any update?",0,login_access
"Hi team, My account is locked after too many attempts. Any update?",0,login_access
Hope you can help. The dashboard page freezes and never finishes loading. Thank you.,0,bug_report
Thanks in advnace! I forgot my uesrname and the recovery link is broken.,0,login_access
Hope you can help. Can you support exporting to PDF with custom branding?.,0,feature_request
"Hi team, My account is locked after too many attempts.",0,login_access
"VERY FRUSTRATED, MY ACCOUNT IS LOCKED AFTER TOO MANY ATTEMPTS. PLEASE ADVISE.",1,login_access
URGENT!!! I was charged twice for my Basic subscription this month. Thank you.,1,billing
Thanks in advance! Clicking save on the bliling page throws an error 500. Thank you.,0,bug_report
ASAP. I want to stop my membership before the next renewal. Please advise.,1,cancellation
"Hello, How do I close my account and delete my data?.",0,cancellation
"Good morning, How do I close my account and delete my data?. Any update?",0,cancellation
Hope you can help. Export to CSV produces an empty file. Thank you.,0,bug_report
This is unacceptable! Dark mode maeks the text unreadable in the report builder.,1,bug_report
"Hi team, The courier marked my order as delivered but I got nothing.",0,shipping
Thanks in advance! I forgot my username and the recovery link is broken.,0,login_access
Thanks in advance! My order has not arrived and tracking has not updated in 5 days.,0,shipping
Hope you can help. My order has not arrived and tracking has not updated in 3 days. Any update?,0,shipping
"Good morning, Cancel my order, I no longer need it. Any update?",0,cancellation
"Thanks in advance! Cancel my order, I no longer need it.",0,cancellation
Hope you can help. Any plnas for a native Android phone app?.,0,feature_request
"Good morning, Any plans for a native Android phone app?.",0,feature_request
"Hi team, Any plans for a native iPad app?.",0,feature_request
"Good morning, The courier marked my order as delivered but I got nothing. Please advise.",0,shipping
"Hello, Clicking save on the dashboard throws an error 500. Please advise.",0,bug_report
"Good morning, I received a damaged item, the box was crushed. Any update?",0,shipping
"Hello, Dark mode makes the text unreadable in the dashboard. Any update?",0,bug_report
Hope you can help. The courier marked my order as delivered but I got nothing. Thank you.,0,shipping
"Hello, Single sign-on keeps redirecting me back to the login screen.",0,login_access
"Good morning, It would be great to have a settings integration with Slack. Please advise.",0,feature_request
Thanks in advance! I forgot my username and the recovery link is broken. Any update?,0,login_access
Hope you can hlep. Where is my parcel? It was supposed to arrive 3 days ago.,0,shipping
Thanks in advance! Dark mode makes the text unreadable in the report builder.,0,bug_report
"Good morning, Suggestoin: allow scheduling reports from the settings.",0,feature_request
NEED HELP IMMEDIATELY! I NEED TO CHANGE THE DELIVERY ADDRESS FOR MY ORDER. PELASE ADVISE.,1,shipping
Thanks in advance! I want to stop my membership before the next renewal.,0,cancellation
URGENT!!! Where is my parcel? It was supposed to arrive 12 days ago.,1,shipping
"Hello, The payment failed but money left my account, please check the billing page. Any update?",0,billing
"Hi team, There is an unexpected charge of $49 on my statement.",0,billing
"Good morning, Cancel my order, I no longer need it.",0,cancellation
Thanks in advance! There is an unexpected charge of $299 on my statement.,0,billing
This is unacceptable! My account is locked after too many attempts.,1,login_access
ASAP. Can you support exporting to PDF with custom branding?.,1,feature_request
"Hi team, There is an unexpected charge of $19.99 on my statement. Thank you.",0,billing
"Hello, Two-factor code is not working on my iPad. Please advise.",0,login_access
"Hello, My order has not arrived and tracking has not updated in 10 days. Thank you.",0,shipping
Need help immediately! Single sign-on keeps redirecting me back to the login screen.,1,login_access
"Hope you can help. I can't log in, the password reset email never arrives.",0,login_access
Hope you can help. The billing page page freezes and never finishes loading.,0,bug_report
Thanks in advance! The report builder page freezes and never fiinshes loading.,0,bug_report
"Hi team, I forgot my username and the recovery link is brkoen.",0,login_access
"Good morning, I need a copy of my receipt for the Starter plan.",0,billing
Hope you can help. I was charged twice for my Team subscription this month. Any update?,0,billing
ASAP. It would be great to have a settings integration with Slack. Please advise.,1,feature_request
"Good morning, Getting 'access denied' when opening the dashboard page.",0,login_access
URGENT!!! I NEED A COPY OF MY RECEIPT FOR THE BASIC PLAN.,1,billing
"VERY FRUSTRATED, PLEASE CANCEL MY BASIC SUBSCRIPTION EFFECTIVE IMMEDIATELY. ANY UPDATE?",1,cancellation
Thanks in adavnce! Please add bulk editing to the checkout.,0,feature_request
"Hope you can help. Cancel my order, I no longer need it. Please advise.",0,cancellation
Thanks in advance! Single sign-on keeps redirecting me back to the login screen.,0,login_access
"Hello, Suggestion: allow scheduling reports from the billing page.",0,feature_request
"Hello, It would be great to have a report builder integration with Slack.",0,feature_request
Thanks in advance! I want to stop my membership before the next renewal. Thank you.,0,cancellation
ASAP. WE WOULD LOVE AN API ENDPOINT FOR THE BILLING PAGE. PLEASE ADVISE.,1,feature_request
Thanks in advance! Any plans for a native laptop app?.,0,feature_request
"Hi team, Notifications show up twice and the badge count is wrogn. Please advise.",0,bug_report
Thanks in advance! Suggestion: allow scheduling reports from the checkout.,0,feature_request
"Hello, I need to change the delivery address for my order.",0,shipping
"Hi team, I need to change the delivery address for my order. Please advise.",0,shipping
Thanks in advance! Suggestion: allow scheduling reports from the porfile. Please advise.,0,feature_request
Hope you can help. Clicking save on the billing page throws an error 500.,0,bug_report
Hope you can help. The package was delivered to the wrong address. Any update?,0,shipping
Thanks in advance! Any plans for a native iPhone app?. Any update?,0,feature_request
Hope you can help. Sinlge sign-on keeps redirecting me back to the login screen. Any update?,0,login_access
"Good morning, The package was delivered to the wrong address. Please advise.",0,shipping
"URGENT!!! I AM SWITCHING PROVIDERS, PLESAE TERMINATE MY CONTRACT. PLEASE ADVISE.",1,cancellation
Thanks in advance! My order has not arrived and tracking has not updated in 7 days. Thank you.,0,shipping
"Hello, Clicking save on the report builder throws an error 500. Any update?",0,bug_report
ASAP. I forogt my username and the recovery link is broken. Any update?,1,login_access
Need help immediately! I need to change the delivery address for my order. Any update?,1,shipping
Thanks in avdance! The courier marked my order as delivered but I got nothing.,0,shipping
Hope you can help. Dark mode makes the text unreadable in the profile.,0,bug_report
"Good morning, My account is locked after too many attempts.",0,login_access
Thanks in advance! Two-factor code is not working on my laptop.,0,login_access
"Hi team, It would be great to have a billing page integration with Slack. Please advise.",0,feature_request
"Hello, Clicking save on the reprot builder throws an error 500.",0,bug_report
Thanks in advance! The courier marked my order as delivered but I got nothing.,0,shipping
NEED HELP IMMEDIATELY! I NEED TO CHANGE THE DLEIVERY ADDRESS FOR MY ORDER.,1,shipping
URGENT!!! My account is locked after too many attempts. Thank you.,1,login_access
Thanks in advance! Clicking save on the checkout throws an erorr 500. Thank you.,0,bug_report
Hope you can help. How do I close my account and delete my data?. Please advise.,0,cancellation
"Hi team, Export to CSV produces an empty file.",0,bug_report
"VERY FRUSTRATED, I NEED A COPY OF MY RECEIPT FOR THE TEAM PLAN. PLEASE ADVISE.",1,billing
URGENT!!! I WANT TO STOP MY MEMBERSHIP BEFORE THE NEXT RENEWAL.,1,cancellation
"Hello, The app crashes whenever I open the profile on my Android phone.",0,bug_report
"Hello, Turn off auto-renew for my Enterprise plan.",0,cancellation
"Hello, The payment failed but money left my account, please check the checkout.",0,billing
"Hello, The app crashes whenever I open the report builder on my iPad.",0,bug_report
"Hello, It would be great to have a report builder integration with Slack.",0,feature_request
"Hello, How do I close my account and delete my data?. Any update?",0,cancellation
"Hope you can help. My invoice shows the wrong amount, I need a refund for $19.99.",0,billing
Thanks in advance! I need to cahnge the delivery address for my order. Thank you.,0,shipping
"Good morinng, Notifications show up twice and the bagde count is wrong.",0,bug_report
"Very frustrated, Export to CSV produces an empty file.",1,bug_report
Hope you can help. The package was delivered to the wrnog address. Any updaet?,0,shipping
"Hello, It would be great to have a dashboard integration with Slack.",0,feature_request
Hope you can help. Any plans for a native iPad app?. Thank you.,0,feature_request
Hope you can help. Export to CSV produces an epmty file.,0,bug_report
"Thanks in advance! Cancel my order, I no longer need it.",0,cancellation
Hope you can help. Any plans for a native Windows PC app?. Thank you.,0,feature_request
"Hope you can help. Cancel my order, I no longer need it.",0,cancellation
"Hi team, Cancel my order, I no longer need it. Any update?",0,cancellation
"Good mornnig, My account is locked after too many attempts.",0,login_access
"Good morning, Any plans for a native iPad app?.",0,feature_request
"Thanks in advance! Cancel my order, I no longer need it. Thank you.",0,cancellation
"Very frustrated, Notifications show up twice and the badge count is wrong.",1,bug_report
"Thanks in advance! My invoice shows the wrong amount, I need a refund for $49. Thank you.",0,billing
"Need help immediately! I recevied a damaged item, the box was crushed. Thank you.",1,shipping
URGENT!!! Two-factor code is not working on my iPhone.,1,login_access
URGENT!!! My account is locked after too many attempts.,1,login_access
"Hello, Export to CSV produces an empty file. Please advise.",0,bug_report
"Thanks in advance! My invoice shows the wrong amount, I need a refund for $299.",0,billing
"Very frustrated, Any plans for a native iPad app?. Please advise.",1,feature_request
URGENT!!! My order has not arrived and tracking has not updated in 10 days. Any update?,1,shipping
Hope you can help. Export to CSV produces an empty file.,0,bug_report
"Very frustrated, Getting 'access denied' when opening the billing page page.",1,login_access
Hope you can help. There is an unexpected charge of $49 on my statement.,0,billing
"Hello, My account is locked after too many attempts.",0,login_access
"Hello, Cancel my order, I no longer need it. Please advise.",0,cancellation
Need help immediately! We would love an API endpoint for the profile. Please advise.,1,feature_request
"URGENT!!! My invoice shows the wrong amount, I need a refund for $120.50. Any update?",1,billing
"Thanks in advance! I ca'nt log in, the password reset email never arrives.",0,login_access
ASAP. WHY WAS MY CREDIT CARD BILLED AFTER I DOWNGRADED TO BASIC?.,1,billing
"Hi team, Single sign-on keeps redirecting me back to the login screen.",0,login_access
"Very frustrated, I am switching providers, plesae terminate my contract.",1,cancellation
"Good morning, The courier marked my order as delivered but I got nothing.",0,shipping
URGENT!!! I WAS CHARGED TWICE FOR MY STARTER SUBSCRIPTION THIS MONTH. ANY UPDATE?,1,billing
Hope you can help. I forgot my username and the recovery link is broken.,0,login_access
"Good morning, Single sign-on keeps redirecting me back to the login screen. Any update?",0,login_access
Hope you can help. I need a copy of my receipt for the Basic plan.,0,billing
"Hi team, I forgot my username and the recovery link is broken.",0,login_access
Thanks in advance! Please cancel my Enterprise subscription effective immediately. Please advise.,0,cancellation
"Good morning, Export to CSV produces an empty file. Thank you.",0,bug_report
Hope you can help. The package was delivered to the wrong adrdess. Any update?,0,shipping
This is unacceptable! Why was my credit card billed after I downgraded to Starter?.,1,billing
"Hello, I can't log in, the password reset email never arrives.",0,login_access
THIS IS UNACCEPTABLE! TURN OFF AUTO-RENEW FOR MY ENTERPRISE PLAN.,1,cancellation
"VERY FRUSTRATED, I NEED TO CHANGE THE DELIVERY ADDRESS FOR MY ORDER.",1,shipping
URGENT!!! The checkout page freezes and never finishes loading.,1,bug_report
"Hi team, It would be great to have a dashboard integration with Slack.",0,feature_request
Hope you can help. I need to change the delivery address for my order. Thank you.,0,shipping
"Good morning, Why was my crdeit card billed after I downgraded to Starter?. Please advise.",0,billing
"Thanks in advance! I am switching providers, please terminate my contract. Please advise.",0,cancellation
URGENT!!! Suggestion: allow scheduling reports from the report bulider.,1,feature_request
Need help immediately! Single sign-on keeps redirecting me back to the login screen.,1,login_access
"VERY FRUSTRATED, IT WOULD BE GREAT TO HAVE A SETTINGS INTEGRATION WITH SLACK. ANY UPADTE?",1,feature_request
Hope you can help. Clicking save on the billing page throws an error 500.,0,bug_report
"VERY FRUSTRATED, TURN OFF AUTO-RENEW FOR MY PRO PLAN.",1,cancellation
"Hi team, I was charged twice for my Pro subscription this month. Thank you.",0,billing
Hope you can help. Why was my credit card bliled after I downgraded to Basic?.,0,billing
"Hi team, Cancel my order, I no longer need it.",0,cancellation
"Hello, I am switching providers, please terminate my contract.",0,cancellation
This is unacceptable! The courier marked my order as delivered but I got nothing.,1,shipping
"Hi team, It would be great to have a dashboard integration with Slack. Please advise.",0,feature_request
"Good morning, The settings page freezes and never finishes loading.",0,bug_report
"Hi team, Export to CSV produces an empty file. Please advise.",0,bug_report
ASAP. Can you support exporting to PDF with custom branding?. Please advise.,1,feature_request
Need help immediately! How do I close my account and delete my data?. Any update?,1,cancellation
Thanks in advnace! Notifications show up twice and the badge count is wrong.,0,bug_report
NEED HELP IMMEDIATELY! SUGGESTION: ALLOW SCHEDULING REPORTS FROM THE PROFILE. ANY UPDATE?,1,feature_request
URGENT!!! I forgot my username and the recovery link is broken. Any update?,1,login_access
Hope you can help. Getting 'access denied' when opening the report builder page.,0,login_access
URGENT!!! Why was my credit card billed after I downgraded to Starter?.,1,billing
Thanks in advance! Where is my parcel? It was supposed to arrive 5 days ago. Please advise.,0,shipping
"Hello, I can't log in, the password reset email never arrives.",0,login_access
"Good morning, Notifications show up twice and the badge count is wrong.",0,bug_report
Hope you can help. We wolud love an API endpoint for the prfoile.,0,feature_request
"Hi team, I was charged twcie for my Basic subscription this month.",0,billing
"Good morning, Turn off auto-renew for my Team paln. Please advise.",0,cancellation
"Good morning, The package was delivered to the wrong address. Thank you.",0,shipping
Hope you can help. How do I close my account and delete my data?. Please advise.,0,cancellation
"Hi team, Can you support exporting to PDF with custom branding?. Thank you.",0,feature_request
"Very frustrated, I forgot my username and the recovery link is broken.",1,login_access
Hope you can help. The app crashes whenever I open the report builder on my Windows PC. Thank you.,0,bug_report
"Good morning, Two-factor code is not working on my lapotp. Any update?",0,login_access
"URGENT!!! I AM SWITCHING PROVIDERS, PLEASE TERMINATE MY CONTRACT. ANY UPDATE?",1,cancellation
"Hi team, Can you support exporting to PDF with custom branding?. Please advise.",0,feature_request
"Hello, Dark mode makes the text unreadable in the profile. Thank you.",0,bug_report
"Hello, My order has not arrived and tracking has not updated in 10 days.",0,shipping
"Hello, My account is locked after too many attempts. Please advise.",0,login_access
Thanks in advance! Notifications show up twice and the badge count is wrong.,0,bug_report
"Hello, Clicking save on the profile throws an error 500.",0,bug_report
"Good morning, We would love an API endpoint for the billing paeg. Please adivse.",0,feature_request
"Good morning, Can you support exporting to PDF with custom branding?.",0,feature_request
"Hello, The package was delivered to the wrong address.",0,shipping
URGENT!!! Clicking save on the dashboard throws an error 500. Any update?,1,bug_report
"Hi team, My order has not arrived and tracking has not updated in 5 days.",0,shipping
Hope you can help. Why was my credit card billed after I downgraded to Team?. Please advise.,0,billing
Thanks in advance! I need a copy of my receipt for the Basic plan. Any update?,0,billing
"Good morning, Turn off auto-renew for my Enterprise plan.",0,cancellation
"Hi team, I can't log in, the password reset email never arrives. Please advise.",0,login_access
Thanks in advance! Please cancel my Basic subscription effective immediately.,0,cancellation
"Good morning, Clicking save on the dashboard throws an error 500.",0,bug_report
"ASAP. I CAN'T LOG IN, THE PASSWORD RESET EMAIL NEVER ARRIVES. PLEASE ADVISE.",1,login_access
"Good morning, It would be great to have a report builder integration with Slack.",0,feature_request
"URGENT!!! I AM SWITCHING PROVIDERS, PLEASE TERMINATE MY CONTRACT.",1,cancellation
"Good morning, The app crashes whenever I open the checkout on my laptop. Thank you.",0,bug_report
Hope you can help. Notifications show up twice and the badge count is wrong. Thank you.,0,bug_report
"Hope you can help. Cancel my order, I no longer need it.",0,cancellation
"Hello, Clicking save on the report builder throws an error 500.",0,bug_report
"Hope you can help. I am switching providers, please terimnate my contract.",0,cancellation
"This is unacceptable! Cancel my order, I no longer need it. Please advise.",1,cancellation
"Hi team, Getting 'access denied' when opening the settings page.",0,login_access
Thanks in advance! I was charged twice for my Basic subscription this month.,0,billing
Thanks in advance! I forgot my username and the recovery link is broken. Thank you.,0,login_access
URGENT!!! Why was my credit card billed after I downgraded to Basic?.,1,billing
"Good morning, Please add bulk editing to the dashboard.",0,feature_request
"Hello, I want to stop my membership before the next renewal.",0,cancellation
Thanks in advance! We would love an API endpoint for the billing page. Please advise.,0,feature_request
Hope you can help. Suggestion: allow scheduling reports from the dashboard.,0,feature_request
"Hope you can help. The payment failed but money left my account, please check the profile. Please advise.",0,billing
"Hello, Two-factor code is not working on my Windows PC. Please advise.",0,login_access
"Hi team, I was charged twice for my Team subscription this month. Thank you.",0,billing
"Hi team, I need a copy of my receipt for the Team plan.",0,billing
"Hope you can help. I can't log in, the password reset email never arrives. Thank you.",0,login_access
Thanks in advance! There is an unexpected charge of $299 on my statement.,0,billing
"Good morning, Clicking save on the checkout throws an error 500. Thank you.",0,bug_report
"Hope you can help. I am switching providers, please terminate my contract.",0,cancellation
"Good morning, Turn off auto-renew for my Starter plan. Any update?",0,cancellation
Hope you can help. Two-factor code is not working on my iPhone. Thank you.,0,login_access
Thanks in advance! I was charged twice for my Starter subscription this month. Any update?,0,billing
"Hi team, I forgot my username and the recovery link is broken. Any update?",0,login_access
Hope you can help. The app crashes whenever I open the checkout on my iPad.,0,bug_report
"URGENT!!! THE PAYMENT FAILED BUT MONEY LEFT MY ACCOUNT, PLEASE CHECK THE SETTINGS.",1,billing
ASAP. I WANT TO STOP MY MEMBERSHIP BEFORE THE NEXT RENEWAL.,1,cancellation
"Hello, Dark mode makes the text unreadable in the checkout.",0,bug_report
Hope you can help. Where is my parcel? It was supposed to arrive 5 days ago.,0,shipping
"Hello, Two-factor code is not working on my Android phone.",0,login_access
THIS IS UNACCEPTABLE! PLEASE CNACEL MY BASIC SUBSCRIPTION EFFECTIVE IMMEDIATELY. THANK YOU.,1,cancellation
Thanks in advance! Single sign-on keeps redirecting me back to the login screen. Please advise.,0,login_access
Hope you can help. The settings page freezes and never finishes loading.,0,bug_report
"Hello, I need to change the delivery address for my order.",0,shipping
Thanks in advance! We would love an API endpoint for the dashboard. Please advise.,0,feature_request
Hope you can help. Getting 'access denied' when opening the profile page.,0,login_access
"THIS IS UNACCEPTABLE! I AM SWITCHING PROVIDERS, PLEASE TERMINATE MY CONTRACT.",1,cancellation
"Hi team, Please cancel my Entreprise subscription effective immediately.",0,cancellation
"Hello, My invoice shows the wrong amount, I need a refund for $299. Thank you.",0,billing
THIS IS UNACCEPTABLE! THERE IS AN UNEXPECTED CHARGE OF $9.99 ON MY STATEMENT.,1,billing
"This is unacceptable! The payment failed but money left my account, please check the billing page. Please advise.",1,billing
Hope you can help. I frogot my username and the recovery link is broken. Any update?,0,login_access
"Thanks in advance! My invoice shows the wrong amount, I need a refund for $49. Thnak you.",0,billing
Thanks in advance! Notifications show up twice and the badge count is wrong. Thank you.,0,bug_report
NEED HELP IMMEDIATELY! HOW DO I CLOSE MY ACCOUNT AND DELETE MY DATA?. PLEASE ADVISE.,1,cancellation
"Good morning, My account is locked after too many attempts. Any update?",0,login_access
"Hello, My account is locked after too many attempts. Any update?",0,login_access
Thanks in advance! I need to change the delivery address for my order. Thank you.,0,shipping
ASAP. Single sign-on keeps redirecting me back to the login screen. Please advise.,1,login_access
Thanks in advance! Dark mode makes the text unreadable in the profile. Please advise.,0,bug_report
Hope you can help. There is an unexpected charge of $299 on my statement. Please advise.,0,billing
"Hello, Getting 'access deined' when opening the billing page page.",0,login_access
"Hi team, Whree is my parcel? It was supposed to arrive 12 days ago.",0,shipping
"Good morning, Where is my parcel? It was supposed to arrive 12 days ago.",0,shipping
This is unacceptable! There is an unxepected charge of $120.50 on my statement.,1,billing
"Very frustrated, The billing page page freezes and never finishes loading. Thank you.",1,bug_report
THIS IS UNACCEPTABLE! DARK MODE MAKES THE TEXT UNREADABLE IN THE CHECKOUT. PLEASE ADVISE.,1,bug_report
"Good morning, I need to change the delivery address for my order.",0,shipping
"Good morning, Two-factor code is not working on my laptop. Any update?",0,login_access
"Hi team, I need a copy of my receipt for the Enterprise plan. Any update?",0,billing
"Hi team, How do I close my account and delete my data?.",0,cancellation
"Hello, My order has not arrived and tracking has not updated in 10 days. Please advise.",0,shipping
Need help immediately! Notifications show up twice and the badge count is wrong. Any update?,1,bug_report
NEED HELP IMMEDIATELY! THE COURIER MARKED MY ORDER AS DELIVERED BUT I GOT NOTHING. THANK YOU.,1,shipping
"ASAP. THE PAYMENT FAILED BUT MONEY LEFT MY ACCOUNT, PLEASE CHECK THE SETTINGS. PLEASE ADVISE.",1,billing
"Good morning, How do I close my account and delete my data?. Please advise.",0,cancellation
Need help immediately! The courier marked my order as delivered but I got nothing.,1,shipping
"Hello, I was charged twice for my Enterprise subscription this month. Thank you.",0,billing
Need help immediately! It would be great to have a checkout integration with Slack.,1,feature_request
Hope you can help. Please cancel my Basic subscription effective immediately.,0,cancellation
"Hello, Single sign-on keeps rdeirecting me back to the login screen. Please advise.",0,login_access
Hope you can help. The courier marked my order as delivered but I got nothing.,0,shipping
"Hi tema, My account is locked after too many attempts.",0,login_access
URGENT!!! Can you support exporting to PDF with custom branding?.,1,feature_request
"Good morning, Suggestion: allow scheduling reports from the checkout.",0,feature_request
"Thanks in advance! I am switching providers, please terminate my cotnract. Please advise.",0,cancellation
"Hello, Export to CSV produces an empty file. Any update?",0,bug_report
Hope you can help. Please add bulk editing to the profile. Thank you.,0,feature_request
"URGENT!!! MY INVOICE SHOWS THE WRONG AMOUNT, I NEED A REFUND FOR $120.50. ANY UPDATE?",1,billing
"Good morning, Please cancel my Enterprise subscription effective immediately.",0,cancellation
"Hi team, I need a copy of my receipt for the Basic plan.",0,billing
"Hello, Getting 'access denied' when opening the settings page. Thank you.",0,login_access
Thanks in advance! I forgot my username and the recovery link is broken. Any update?,0,login_access
Hope you can help. The package was delivered to the wrong address.,0,shipping
"Hi team, The package was delivered to the wrong address. Thank you.",0,shipping
"Good morning, I need a copy of my recepit for the Starter plan.",0,billing
Thanks in advance! The package was delivered to the wrong adrdess.,0,shipping
"Hi team, Can you support exporting to PDF with custom branding?. Please advise.",0,feature_request
"THIS IS UNACCETPABLE! I AM SWITCHING PROVIDERS, PLEASE TERMINATE MY CONTRACT. PLEASE ADVISE.",1,cancellation
"Hello, I want to stop my membership before the next renewal. Please advise.",0,cancellation
"Hello, Why was my credit card billed after I downgraded to Enterprise?.",0,billing
Thanks in advance! Where is my parcel? It was supposed to arrive 5 days ago.,0,shipping
URGENT!!! THE COURIER MARKED MY ORDER AS DELIVERED BUT I GOT NOTHING. PLEASE ADVISE.,1,shipping
"Good morning, My order has not arrived and tracking has not updated in 5 days.",0,shipping
"Good morning, I was charged twice for my Starter subscription this month. Please advise.",0,billing
"Very frustrated, Export to CSV produces an empty file. Thank you.",1,bug_report
"Hello, I can't log in, the password reset email never arrives.",0,login_access
"Hi team, Why was my credit card billed after I downgraded to Starter?.",0,billing
"Hi team, I am switching providers, please terminate my contract. Thank you.",0,cancellation
"Good morning, It would be great to have a dashboard integration with Slack.",0,feature_request
"Hi team, I received a damaged item, the box was crushed. Thank you.",0,shipping
"Good morning, The app crashes whenever I open the profile on my Android phone. Any update?",0,bug_report
"Thanks in advance! I can't log in, the password reset email never arrives.",0,login_access
"Hi team, The app crashes whenever I open the report builder on my laptop.",0,bug_report
"Good mornnig, The package was delivered to the wrong address.",0,shipping
"Hello, How do I close my account and delete my data?.",0,cancellation
ASAP. Getting 'access denied' when opening the checkout page. Please adivse.,1,login_access
THIS IS UNACCEPTABLE! I NEED A COPY OF MY RECEIPT FOR THE BASIC PLAN.,1,billing
"Hi team, Two-factor code is not working on my Android phone. Please advise.",0,login_access
Hope you can help. I want to stop my membership before the next renweal.,0,cancellation
Hope you can help. My account is locked after too many attempts. Any update?,0,login_access
"Hello, I forgot my username and the recovery link is broken.",0,login_access
Hope you can help. How do I close my account and delete my data?. Thank you.,0,cancellation
Hope you can help. Export to CSV produces an empty file.,0,bug_report
Thanks in advance! The courier marked my order as delivered but I got nothing.,0,shipping
Hope you can help. I need to change the delivery address for my order. Any update?,0,shipping
"Hope you can help. The payment failed but money left my account, please check the settings.",0,billing
ASAP. My account is locked after too many attempts. Thank you.,1,login_access
"Good morning, Please add bulk editing to the billing page.",0,feature_request
Thanks in advacne! I want to stop my membership before the next renewal. Thank you.,0,cancellation
"Hi team, The billing page page freezes and never finishes loading. Any update?",0,bug_report
Hope you can help. I forgot my username and the recovery link is broken.,0,login_access
"Hello, I need to change the delivery address for my order.",0,shipping
"Hello, The payment failed but money left my account, please check the dashboard. Tahnk you.",0,billing
"Good morning, Single sign-on keeps redirecting me back to the login screen. Thank you.",0,login_access
"Hi team, Any plans for a native Windows PC app?.",0,feature_request
"Hope you can help. Cancel my order, I no longer need it. Thank you.",0,cancellation
"Good morning, Any plans for a native Android phone app?. Thank you.",0,feature_request
"Hi team, Export to CSV produces an empty file. Thank you.",0,bug_report
ASAP. Why was my creidt card billed after I downgraded to Starter?. Any update?,1,billing
Thanks in advance! Where is my parecl? It was supposed to arrive 3 days ago. Please advise.,0,shipping
Thanks in advance! Single sign-on keeps redirecting me back to the login screen.,0,login_access
"Hi team, Suggestion: allow scheduling reports from the dashboard. Please advise.",0,feature_request
"Good morning, How do I close my account and delete my data?. Thank you.",0,cancellation
"Good morning, My invoice shows the wrong amount, I need a refund for $49. Thank you.",0,billing
"Hello, Getting 'accses denied' when opening the settings page. Thank you.",0,login_access
This is unacceptable! Any plans for a native laptop app?. Any update?,1,feature_request
Thanks in advance! It would be great to have a settings integration with Slack. Thank you.,0,feature_request
"Hello, There is an unexpected charge of $299 on my statement. Thank you.",0,billing
Thanks in advance! Suggestion: allow scheduling reports from the dashobard. Plesae advise.,0,feature_request
"Hello, Any plans for a native iPhone app?.",0,feature_request
Hope you can help. Notifications show up twice and the badge cuont is wrong.,0,bug_report
"Hi team, Please add bulk editing to the report builder.",0,feature_request
"Hi team, How do I close my account and delete my data?. Any update?",0,cancellation
"Good morning, I need to change the delivery address for my order.",0,shipping
Tahnks in advance! The dashbaord page freezes and never finishes loading. Please advise.,0,bug_report
Hope you can help. Dark mode makes the text unreadable in the checkout. Any update?,0,bug_report
Hope you can help. Dark mode makes the text unreadable in the billing page.,0,bug_report
"Hi team, I received a dmaaged item, the box was crushed.",0,shipping
Thanks in advance! I need a copy of my receipt for the Starter plan.,0,billing
URGENT!!! There is an unexpected charge of $9.99 on my statement.,1,billing
"Hello, I need to change the delivery address for my order.",0,shipping
"Hope you can help. My invoice shows the wrong amount, I need a refund for $19.99. Please avdise.",0,billing
"Good morning, My invoice shows the wrong amount, I need a refund for $19.99.",0,billing
ASAP. THE BILLING PAGE PAGE FREEZES AND NEVER FINISHES LOADING. ANY UPDATE?,1,bug_report
"VERY FRUSTRATED, WE WOULD LOVE AN API ENDPOINT FOR THE PROFILE.",1,feature_request
Hope you can help. Clicking save on the report builder throws an error 500. Please advise.,0,bug_report
"Hello, Please cancel my Pro subscription effective immediately.",0,cancellation
"Hi team, Notifications show up twice and the badge count is wrong.",0,bug_report
"Hello, The payment failed but money left my account, please check the profile.",0,billing
Hope you can help. I was charged twice for my Basic subscription this month.,0,billing
"Hello, I forgot my username and the recovery link is broken. Any update?",0,login_access
"Hi team, Please add bulk editing to the dashboard. Any update?",0,feature_request
This is unacceptable! Can you support exporting to PDF with custom branding?. Any update?,1,feature_request
"Good morning, I received a damaged item, the box was crushed.",0,shipping
"Hello, Clicking save on the dashboard throws an error 500.",0,bug_report
Hope you can help. Single sign-on keeps redirecting me back to the login screen.,0,login_access
URGENT!!! EXPORT TO CSV PRODUCES AN EMPTY FILE. PLEASE ADVISE.,1,bug_report
"This is unacceptable! The payment failed but money left my acconut, please check the settings.",1,billing
"Hi team, Cancel my order, I no longer need it.",0,cancellation
"Hi team, I received a damaged ietm, the box was crushed.",0,shipping
"Hi team, Getting 'access denied' when opening the dashboard page. Any update?",0,login_access
"Hi team, Can you support exporting to PDF with custom branding?.",0,feature_request
"Very frustrated, I was charged twice for my Team subscription this month.",1,billing
ASAP. The app crashes whenever I open the profile on my iPad.,1,bug_report
URGENT!!! I NEED A COPY OF MY RECEIPT FOR THE ENTERPRISE PLAN. PLEASE ADVISE.,1,billing
"Hello, I forgot my username and the recovery link is broken.",0,login_access
"Hope you can help. I received a damaged item, the box was crushed.",0,shipping
"Thanks in advance! The payment failed but money left my account, please check the settings. Please advise.",0,billing
"Hi team, Please cancel my Enterprise subscription effective immediately. Any update?",0,cancellation
ASAP. The report builder page freezes and never finishes loading. Thank you.,1,bug_report
Thanks in advance! I want to stop my membership before the next renewal. Please advise.,0,cancellation
ASAP. I FORGOT MY USERNAME AND THE RCEOVERY LINK IS BROKEN. ANY UPDATE?,1,login_access
"Hello, Why was my credit card billed after I downgraded to Starter?.",0,billing
ASAP. I FORGOT MY USERNAME AND THE RECOVERY LINK IS BROKEN. PLEASE ADVISE.,1,login_access
Thanks in advance! Please add bulk editing to the report builder. Any update?,0,feature_request
THIS IS UNACCEPTABLE! MY ACCOUNT IS LOCKED AFTER TOO MANY ATTEMPTS. ANY UPDATE?,1,login_access
"Hi team, How do I close my account and delete my data?.",0,cancellation
"Good morning, There is an unexpected charge of $49 on my statement.",0,billing
"Hello, The package was delivered to the wrong address.",0,shipping
URGENT!!! HOW DO I CLOSE MY ACCOUNT AND DELETE MY DATA?.,1,cancellation
"Hello, I received a damaged item, the box was crushed.",0,shipping
"Hope you can help. Cancel my order, I no longer need it.",0,cancellation
Hope you can help. I was charged twice for my Enterprise subscription this month.,0,billing
NEED HELP IMMEDIATELY! THE PROFILE PAGE FREEZES AND NEVER FINISHES LOADING. ANY UPDATE?,1,bug_report
Hope you can help. Export to CSV produces an empty file. Please advise.,0,bug_report
URGENT!!! I FORGOT MY USERNAME AND THE RECOVERY LINK IS BROKEN.,1,login_access
"Good morning, How do I close my account and delete my data?.",0,cancellation
"Thanks in advance! Cancel my order, I no longer need it.",0,cancellation
"Hi team, Two-factor code is not wroking on my iPhone.",0,login_access
"VERY FRUSTRATED, THE PACKAGE WAS DELIVERED TO THE WRONG ADDRESS.",1,shipping
"Thanks in advance! My invoice shows the wrong amount, I need a refund for $299.",0,billing
"Good morning, I want to stop my membership before the next renewal.",0,cancellation
Thanks in advance! I need a copy of my recepit for the Pro plan. Thank you.,0,billing
"Hello, Two-factor code is not working on my laptop.",0,login_access
Tahnks in advance! It would be great to have a report builder integration with Slack.,0,feature_request
Thanks in adavnce! Any plans for a native laptop app?. Any update?,0,feature_request
Thanks in advance! Getting 'access denied' when opening the profile page. Thank you.,0,login_access
"Hi team, My invoice shows the wrong amount, I need a refund for $49.",0,billing
Thanks in advance! My account is locked after too many attempts. Any update?,0,login_access
"Good morning, Can you support exporting to PDF with custom branding?. Thank you.",0,feature_request
Hope you can help. I need a copy of my receipt for the Starter plan.,0,billing
"Hello, Please add bulk editing to the profile.",0,feature_request
Thanks in advance! Getting 'access denied' when opening the settings page.,0,login_access
"Hello, The courier marked my order as delivered but I got nothing. Any update?",0,shipping
Thanks in advance! I forgot my username and the recovery link is broken. Tahnk you.,0,login_access
"Good morning, Dark mode maeks the text unreadable in the report builder. Thank you.",0,bug_report
Hope you can help. Can you support exporting to PDF with custom branding?.,0,feature_request
"Very frustrated, Please cancel my Enterprise subscription effective immediately. Please advise.",1,cancellation
Hope you can help. My order has not arrived and tracking has not updated in 12 days.,0,shipping
ASAP. Any plans for a ntaive laptop app?. Any update?,1,feature_request
"Good morning, Dark mode makes the text unreadable in the settings. Any update?",0,bug_report
"Hello, Two-factor code is not working on my iPad.",0,login_access
Thanks in advance! My order has not arrived and tracking has not updated in 12 days. Thank you.,0,shipping
"Thanks in advance! The payment failed but money left my account, please check the profile.",0,billing
"Hi team, Suggestion: allow scheduling reports from the billing page.",0,feature_request
"Need help immediately! Cancel my order, I no longer need it. Please advise.",1,cancellation
Thanks in advance! I was charged twice for my Starter subscription this month.,0,billing
Hope you can help. Two-factor code is not working on my laptop.,0,login_access
"Hello, I want to stop my membership before the next renewal. Any update?",0,cancellation
"URGENT!!! I RECEIVED A DAMAGED ITEM, THE BOX WAS CRUSHED. THANK YOU.",1,shipping
"Good morning, My invoice shows the wrong amount, I need a refund for $9.99.",0,billing
"Hello, I was charged twice for my Basic subscription this monht. Any update?",0,billing
Hope you can help. Getting 'access denied' when opening the report builder page.,0,login_access
Thanks in advanec! Notifications show up twice and the badge count is wrong. Any update?,0,bug_report
"VERY FRUSTRATED, I NEED A COPY OF MY RECEIPT FOR THE PRO PLAN.",1,billing
"Good morning, Why was my credit card bileld after I downgraded to Basic?. Plaese advise.",0,billing
NEED HELP IMMEDIATELY! I NEED TO CHANGE THE DELIVERY ADDRESS FOR MY ORDER. ANY UPDATE?,1,shipping
"Good morning, I received a damaged item, the box was crushed.",0,shipping
Thanks in advance! Two-factor code is not working on my iPad.,0,login_access
Thanks in advance! Clicking save on the profile throws an error 500. Please advise.,0,bug_report
This is unacceptable! Please add bulk ediitng to the profile. Please advise.,1,feature_request
"Hi team, Please add bulk editing to the billing page. Thank you.",0,feature_request
"URGENT!!! I received a damaged item, the box was crushed. Thank you.",1,shipping
"Hi team, I forgot my username and the recovery link is broken. Any update?",0,login_access
"Hope you can help. My invoice shows the wrong amount, I need a refund for $299.",0,billing
"ASAP. I RECEIVED A DAMAGED ITEM, THE BOX WAS CRUSHED.",1,shipping
"Hello, Notifications show up twice and the badge count is wrong. Thank you.",0,bug_report
Hope you can help. I was charged twice for my Team subscription this month.,0,billing
"Thanks in advance! I received a damaged item, the box was crushed. Thank you.",0,shipping
"Hi team, I want to stop my membership before the next renewal.",0,cancellation
"Good morning, Notifications show up tiwce and the badge count is wrong. Any update?",0,bug_report
"This is unacceptable! I am switching providers, please terminate my contract. Thank you.",1,cancellation
"Good morning, Single sign-on keeps redirecting me back to the login screen.",0,login_access
"Good morning, Where is my parcel? It was supposed to arrive 5 days ago.",0,shipping
URGENT!!! I FORGOT MY USERNAME AND THE RECOVERY LINK IS BROKEN.,1,login_access
"Good morning, Can you support exporting to PDF with custom branding?.",0,feature_request
"Hi team, The courier marked my order as delivered but I got nothing. Please advise.",0,shipping
"Hello, Any plnas for a native Android phone app?. Please advise.",0,feature_request
Hope you can help. The package was delivered to the wrnog address. Please advise.,0,shipping
"Very frustrated, I was charged twice for my Starter subscription this month.",1,billing
"Good morning, How do I close my account and delete my data?. Thank you.",0,cancellation
URGENT!!! My account is locked after too many attempts.,1,login_access
NEED HELP IMMEDIATELY! I NEED TO CHANGE THE DELIVERY ADDRESS FOR MY ORDER. THANK YOU.,1,shipping
Hope you can help. Why was my credit card billed after I downgraded to Starter?. Any update?,0,billing
"Good morning, Two-factor code is not working on my Android phone.",0,login_access
"VERY FRUSTRATED, WE WOLUD LOVE AN API ENDPOINT FOR THE BILLING PAGE. ANY UPDATE?",1,feature_request
"Hello, Two-factor code is not working on my Android phone.",0,login_access
"Hi team, I received a damaged item, the box was crushed. Please advise.",0,shipping
"Hi team, Sgugestion: allow scheduling reports from the dashboard.",0,feature_request
"Good morning, It would be great to have a dashboard integration with Slack. Any update?",0,feature_request
"Hello, Please add bulk eidting to the report builder.",0,feature_request
"Hello, Why was my credit card billed after I downgraded to Team?.",0,billing
Need help immediately! I want to stop my membership before the next renewal.,1,cancellation
"Hi team, The courier marked my order as delivered but I got nothing. Any update?",0,shipping
Hope you can help. Turn off auto-renew for my Enterprise plan.,0,cancellation
ASAP. We would love an API endpoint for the dashboard. Please advise.,1,feature_request
"Hello, My invoice shows the wrong amount, I need a refund for $120.50. Please advise.",0,billing
"Hi team, The courier marked my order as delivered but I got nothing. Thank you.",0,shipping
"Good morning, My account is locked after too many attempts.",0,login_access
URGENT!!! It would be great to have a dashboard integration with Slack.,1,feature_request
"Hello, We would love an API endpoint for the report builder.",0,feature_request
Thanks in advance! I forgot my username and the recovery link is broken.,0,login_access
"VERY FRUSTRATED, DARK MODE MAKES THE TEXT UNREADABLE IN THE CHECOKUT.",1,bug_report
"Hello, My invoice shows the wrong amount, I need a refund for $19.99.",0,billing
NEED HELP IMMEDIATELY! GETTING 'ACCESS DENIED' WHEN OPENING THE PROFILE PAGE. PLEASE ADVISE.,1,login_access
Thanks in advance! Please add bulk editing to the settings. Thank you.,0,feature_request
"Good morning, I am switching providers, please terminate my contract. Thank you.",0,cancellation
"ASAP. MY INVOICE SHOWS THE WRONG AMONUT, I NEED A REFUND FOR $49. PLEASE ADVISE.",1,billing
"Good morning, Please add bulk editing to the profile. Please advise.",0,feature_request
Thanks in advance! Why was my credit card billed after I downgraded to Pro?. Thank you.,0,billing
"Hope you can help. I can't log in, the password reset email never arrives.",0,login_access
ASAP. MY ACCOUNT IS LOCKED AFTER TOO MANY ATTEMPTS.,1,login_access
"Very frustrated, Single sign-on keeps redirecting me back to the login screen. Any update?",1,login_access
"Thanks in advance! I am switching providers, please terminate my contract. Thank you.",0,cancellation
"Hi team, I want to stop my membership before the next renewal. Thank you.",0,cancellation
Thanks in advance! How do I close my account and deelte my data?. Please advise.,0,cancellation
"URGENT!!! My invoice shows the wrong amount, I need a refund for $9.99.",1,billing
"Hi team, Turn off auto-renew for my Basic plan.",0,cancellation
Thanks in advance! The app crashes whenever I open the report builder on my iPad.,0,bug_report
"Hello, Any plans for a native iPad app?.",0,feature_request
URGENT!!! ANY PLANS FOR A NATIVE LAPTOP APP?.,1,feature_request
URGENT!!! I forgot my username and the recovery link is broken.,1,login_access
"Hello, I received a damaged item, the box was crushed.",0,shipping
NEED HELP IMMEDIATELY! DARK MODE MAKES THE TEXT UNREADABLE IN THE SETTINGS. ANY UPDATE?,1,bug_report
Thanks in advance! Can you supoprt exporting to PDF with custom branding?. Thank you.,0,feature_request
"Hello, Clicking save on the checkout throws an error 500. Please advise.",0,bug_report
Hope you can help. We would love an API endpoint for the profile. Any update?,0,feature_request
Thanks in advance! Export to CSV produces an empty file. Please advise.,0,bug_report
Hope you can help. Turn off auto-renew for my Enterprise plan.,0,cancellation
"Hello, Notifications show up twice and the badge count is wrogn. Please advise.",0,bug_report
"Hi team, I am switching providers, please terminate my contract.",0,cancellation
"Hope you can help. My invoice shows the wrong amount, I need a refund for $49.",0,billing
Thanks in advance! Clicking save on the checkout throws an error 500.,0,bug_report
"Hi team, I need to change the delivery addrses for my order. Please advise.",0,shipping
This is unacceptable! Dark mode makes the text unreadable in the checkout. Please advise.,1,bug_report
"Thanks in advance! Cancel my order, I no longer need it. Please advise.",0,cancellation
"Hello, Can you support exporting to PDF with custom branding?. Thank you.",0,feature_request
THIS IS UNACCEPTABLE! I WANT TO STOP MY MEMBERSHIP BEFORE THE NEXT RENEWAL. PLEASE ADVISE.,1,cancellation
"Hi team, I received a damaged item, the box was crushed. Thank you.",0,shipping
"Good morning, Turn off auto-renew for my Enterprise plan. Thank you.",0,cancellation
"Hello, Why was my credit card billed after I downgraded to Team?.",0,billing
"Hi team, There is an unexpetced charge of $9.99 on my statement. Pelase advise.",0,billing
This is unacceptable! Two-factor code is not working on my Android phone. Any update?,1,login_access
ASAP. I NEED A COPY OF MY RECEIPT FOR THE PRO PLAN.,1,billing
Need help immediately! I need a copy of my receipt for the Enterprise plan. Any update?,1,billing
"Hi team, Where is my parcel? It was supposed to arrive 10 days ago.",0,shipping
"Hello, Clicking save on the billing page throws an error 500.",0,bug_report
Thanks in advance! We would love an API endpoint for the checkout.,0,feature_request
"Hi team, Cancel my order, I no longer need it. Any update?",0,cancellation
Thanks in advance! Suggestion: allow scheduling reports from the dashboard. Thank you.,0,feature_request
"Helol, I am switching providers, please terminate my contract.",0,cancellation
"Good mornign, I can't log in, the password reset email never arrives. Thank you.",0,login_access
Hope you can help. We would love an API endpoint for the billing paeg.,0,feature_request
Need help immediately! It would be great to have a checkout integration with Slack.,1,feature_request
"Hello, We would love an API endpoint for the settings. Please advise.",0,feature_request
URGENT!!! NOTIFICATIONS SHOW UP TWICE AND THE BADGE COUNT IS WRONG.,1,bug_report
Hope you can help. I was charged twice for my Pro subscription this month.,0,billing
"Hello, Suggestion: allow scheduling reports from the report builder.",0,feature_request
"Hi team, Single sign-on keeps redirecting me back to the login screen. Thank you.",0,login_access
"VERY FRUSTRATED, SINGLE SIGN-ON KEEPS REDIRECTING ME BACK TO THE LOGIN SCREEN. ANY UPDATE?",1,login_access
Hope you can help. Any plans for a native Windows PC app?.,0,feature_request
"Hi team, I was charged twice for my Team subscription this month.",0,billing
NEED HELP IMMEDIATELY! THE COURIER MARKED MY ORDER AS DELIVERED BUT I GOT NOTHING.,1,shipping
URGENT!!! Getting 'access denied' when opening the report builder page. Any update?,1,login_access
"Hi team, It would be great to have a report builder integration with Slack.",0,feature_request
Thanks in advance! Can you support exporting to PDF with custom branding?. Any update?,0,feature_request
Thanks in advance! Suggestion: allow schdeuling reports from the billing page.,0,feature_request
"Hello, The payment failed but money left my account, please check the report builder.",0,billing
"Good morning, The profile page freezes and never finishes loading.",0,bug_report
"Hi team, It would be great to have a profile integration with Slack.",0,feature_request
ASAP. MY ACCOUNT IS LOCKED AFTER TOO MANY ATTEMPTS. THANK YOU.,1,login_access
"Hello, I want to stop my membership before the next renewal.",0,cancellation
Thanks in advance! My order has not arrived and tracking has not updated in 7 days.,0,shipping
"Hello, I need a copy of my receipt for the Pro plan.",0,billing
"ASAP. CANCEL MY ORDER, I NO LONGER NEED IT. ANY UPDATE?",1,cancellation
"Good morning, Two-factor code is not working on my laptop.",0,login_access
"Hi team, Export to CSV produces an empty file.",0,bug_report
URGENT!!! WHERE IS MY PARCEL? IT WAS SUPPOSED TO ARRIVE 5 DAYS AGO. ANY UPDATE?,1,shipping
URGENT!!! PLEASE CANCEL MY ENTERPRISE SUBSCRIPTION EFFECTIVE IMMEDIATELY.,1,cancellation
Hope you can help. It would be great to have a profile integration with Slack. Thank you.,0,feature_request
"Hi team, I was charged twice for my Team subscription this month.",0,billing
"Hello, Why was my credit card billed after I downgraded to Enterprise?.",0,billing
"Good morning, Why was my credit card billed after I downgraded to Starter?.",0,billing
"Hi team, My account is locked after too many attemtps. Please advise.",0,login_access
"Good morning, I need a copy of my receipt for the Team plan.",0,billing
"Hope you can help. I received a damaged item, the box was crushed. Thank you.",0,shipping
"Thanks in advance! The payment failed but money left my account, please check the dashboard. Please advise.",0,billing
"Good morning, Any plans for a native Android phone app?.",0,feature_request
NEED HELP IMMEDIATELY! PLEASE ADD BULK EDITING TO THE REPORT BUILDER.,1,feature_request
"Hi team, Notifications show up twice and the badge count is wrong.",0,bug_report
"Good morning, The courier marked my order as delivered but I got nothing.",0,shipping
"Good morning, I was charged twice for my Pro subscription this month. Thank you.",0,billing
ASAP. Clicking save on the billing page throws an error 500.,1,bug_report
Hope you can help. We would love an API endpoint for the checkout.,0,feature_request
Hope you can help. Turn off auto-renew for my Team plan. Thank you.,0,cancellation
URGENT!!! NOTIFICATIONS SHOW UP TWICE AND THE BADGE COUNT IS WRONG.,1,bug_report
"Hi team, The app crashes whenever I open the profile on my Windows PC. Thank you.",0,bug_report
Hope you can help. Can you support exporting to PDF with custom branding?. Thank you.,0,feature_request
This is unacceptable! Suggestion: allow scheduling reports from the checkout.,1,feature_request
"Hi team, I forgot my username and the recovery link is broken. Thank you.",0,login_access
"Hi team, Notifications show up twice and the badge count is wrong. Please advise.",0,bug_report
Thanks in advance! Turn off auto-renew for my Starter plan. Thank you.,0,cancellation
Hope you can help. Clicking save on the settings throws an error 500. Thank you.,0,bug_report
Thanks in advance! How do I close my account and delete my data?. Please advise.,0,cancellation
ASAP. Getting 'access denied' when opening the report builder page.,1,login_access
Hope you can help. There is an unexpected charge of $19.99 on my statemetn. Thank you.,0,billing
ASAP. I want to stop my membership before the next renewal. Please advise.,1,cancellation
"Good morning, I am switching providers, please terminate my contract. Thank you.",0,cancellation
"Need help immediatley! I received a damaged item, the box was crushed.",1,shipping
"This is unacceptable! Cancel my order, I no longer need it.",1,cancellation
"Good morning, I received a damaged item, the box was crushed. Please advise.",0,shipping
"Hi team, Turn off auto-renew for my Pro plan.",0,cancellation
ASAP. My account is locked after too many attempts. Please advies.,1,login_access
Need help immediately! Can you support exporting to PDF with custom branding?.,1,feature_request
"Hope you can help. Cancel my order, I no longer need it. Any update?",0,cancellation
"Hello, Getting 'access denied' when opening the billing page page. Please advise.",0,login_access
"THIS IS UNACCEPTABLE! CANCEL MY ORDER, I NO LONGER NEED IT.",1,cancellation
"Need help immediately! Cancel my order, I no longer need it.",1,cancellation
Thanks in advance! Can you support exporting to PDF with custom branding?. Thank you.,0,feature_request
Hope you can help. Export to CSV produces an empty file.,0,bug_report
"Hello, Why was my credit card billed after I downgraded to Pro?. Any update?",0,billing
"Thanks in advance! The payment failed but money left my account, please check the checkout. Please advise.",0,billing
"Hi team, The billing page page freezes and never finishes loading.",0,bug_report
URGENT!!! Where is my parcel? It was supposed to arrive 10 days ago.,1,shipping
"Good morning, I need to change the delivery address for my order. Please advise.",0,shipping
"Hello, We would love an API endpoint for the billing page. Any update?",0,feature_request
ASAP. The courier marked my order as delivered but I got nothing.,1,shipping
"Very frustrated, Getting 'access denied' when opening the chekcout page. Thank you.",1,login_access
"Very frustrated, We would love an API endpoint for the report builder.",1,feature_request
Need help immediately! Suggestion: allow scheduling reports from the profile. Thank you.,1,feature_request
"VERY FRUSTRATED, WHERE IS MY PARCEL? IT WAS SUPPOSED TO ARRIVE 7 DAYS AGO.",1,shipping
"Good morning, Two-factor code is not working on my laptop. Any update?",0,login_access
"Hello, I was charged twice for my Starter subscription this month. Please advise.",0,billing
ASAP. The settings page freezes and never finishes loading. Any update?,1,bug_report
"Very frustrated, Turn off auto-renew for my Team plan.",1,cancellation
URGENT!!! Two-factor code is not working on my laptop.,1,login_access
NEED HELP IMMEDIATELY! I WAS CHARGED TWICE FOR MY BASIC SUBSCRIPTION THIS MONTH. ANY UPDATE?,1,billing
"Good morning, My account is locked after too many attempts. Any update?",0,login_access
"ASAP. I AM SWITCHING PROVIDERS, PLEASE TERMINATE MY CONTRACT. THANK YOU.",1,cancellation
"Hello, The billing page page freezes and never finishes loading. Any update?",0,bug_report
"ASAP. My invoice shows the wrong amount, I need a refund for $9.99.",1,billing
"Good morning, Single sign-on keeps redirecting me back to the login screen. Any update?",0,login_access
"Good morning, Clicking save on the report builder throws an error 500. Plesae advise.",0,bug_report
"Good morning, Single sign-on keeps redirecting me back to the login screen. Please advise.",0,login_access
Hope you can help. My account is locked after too many attempts. Any update?,0,login_access
ASAP. I WAS CHARGED TWICE FOR MY BASIC SUBSCRIPTION THIS MONTH.,1,billing
Need help immediately! The courier marked my order as delivered but I got nothing.,1,shipping
THIS IS UNACCEPTABLE! TURN OFF AUTO-RENEW FOR MY BASIC PLAN. THANK YOU.,1,cancellation
Thanks in advance! Clicking save on the settings throws an error 500. Thank you.,0,bug_report
"Hope you can help. The payment failed but money left my account, please check the dashboard.",0,billing
This is unacceptable! Export to CSV produces an empty file.,1,bug_report
"Hi team, The checokut page freezes and never finishes loading.",0,bug_report
"Good morning, I need a copy of my receipt for the Team plan. Please advise.",0,billing
Hope you can help. The courier marked my order as delivered but I got nothing. Please advise.,0,shipping
Hope you can help. Getting 'access denied' when opening the settigns page.,0,login_access
"Good morning, It would be great to have a report builder integration with Slack. Please advise.",0,feature_request
Hope you can help. Why was my credit card billed after I downgraded to Enterprise?. Any update?,0,billing
Thanks in advance! Dark mode makes the text unreadable in the profile. Please advise.,0,bug_report
"Good morning, Where is my parcel? It was supposed to arrive 5 days ago.",0,shipping
"Hi team, How do I close my account and delete my data?. Any update?",0,cancellation
URGENT!!! I need a copy of my receipt for the Starter plan. Thank you.,1,billing
"Hope you can help. I can't log in, the password reset email nveer arrives.",0,login_access
"Hi team, I need to change the delivery address for my order.",0,shipping
"This is unacceptable! Cancel my order, I no longer need it. Thank you.",1,cancellation
This is unacceptable! I want to stop my membership before the next renewal. Any update?,1,cancellation
"Hello, Two-factor code is not working on my iPad.",0,login_access
Hope you can hlep. Please add bulk editing to the dashboard.,0,feature_request
Hope you can help. I was charged twice for my Starter subscription this month.,0,billing
Hope you can help. Suggestion: allow scheduling reports from the dashboard. Thank you.,0,feature_request
"Hello, Notifications show up twice and the bdage count is wrong. Thank you.",0,bug_report
"Good morning, I was charged twice for my Pro subscription this month. Please advise.",0,billing
Thanks in advance! I forgot my username and the recovery link is broken. Any update?,0,login_access
Hope you can help. I need to change the delivery address for my order.,0,shipping
"Hi team, Export to CSV produces an empty file. Please advise.",0,bug_report
"Hi team, My invoice shows the wrong amount, I need a refund for $9.99. Please avdise.",0,billing
Hope you can help. I want to stop my membership before the next renewal.,0,cancellation
Thanks in advance! Notifications show up twice and the badge count is wrong. Thank you.,0,bug_report
"This is unacceptable! I received a damaged item, the box was crushed.",1,shipping
Thanks in advance! I want to stop my membership before the next renewal. Please advise.,0,cancellation
"Hi team, I was charged twice for my Enterprise subscription this month. Any update?",0,billing
"Hope you can help. I am switching providers, please terminate my conrtact. Any update?",0,cancellation
"Hello, Turn off auto-renew for my Basic plan.",0,cancellation
"Hello, Suggestion: allow scheduling reports from the report builder.",0,feature_request
"VERY FRUSTRATED, I WANT TO STOP MY MEMBRESHIP BEFORE THE NEXT RENEWAL.",1,cancellation
Hope you can help. The app crashes whenever I open the report builder on my Windows PC.,0,bug_report
"Hello, Single sign-on keeps redirecting me back to the login screen. Thank you.",0,login_access
"Hello, Single sign-on keeps redirecting me back to the login screen.",0,login_access
"Good morning, Please add bulk editing to the settings.",0,feature_request
"Good morning, I want to stop my membership before the next renewal.",0,cancellation
ASAP. HOW DO I CLOSE MY ACCOUNT AND DELETE MY DATA?.,1,cancellation
Hope you can help. Getting 'access denied' when opening the checkout page. Please advise.,0,login_access
"Good morning, My invoice shows the wrong amount, I need a refund for $299.",0,billing
"Hi team, Turn off auto-renew for my Basic plna.",0,cancellation
ASAP. Why was my credit card billed after I downgraded to Pro?. Any update?,1,billing
URGENT!!! DARK MODE MAKES THE TEXT UNREADALBE IN THE SETTINGS. PLEASE ADVISE.,1,bug_report
Hope you can help. Getting 'access denied' when opening the billing page page. Thank you.,0,login_access
Thanks in advance! Please cancel my Starter subcsription effective immediately.,0,cancellation
URGENT!!! WHY WAS MY CREDIT CARD BILLED AFTER I DOWNGRADED TO TEAM?.,1,billing
Thanks in advance! I was charged twice for my Starter subscription this month.,0,billing
Hope you can help. It would be great to have a checkout integration with Slack. Any update?,0,feature_request
ASAP. TWO-FACTOR CODE IS NOT WORKING ON MY WINDOWS PC. THANK YOU.,1,login_access
"Hi team, Cancel my order, I no longer need it.",0,cancellation
"Hello, Getting 'access denied' when opening the checkout page. Please advise.",0,login_access
"Very frustrated, Turn off auto-renew for my Basic plan. Please advise.",1,cancellation
"Hope you can help. I received a damaged item, the box was crushed. Please advise.",0,shipping
Need help immediately! There is an unexpected cahrge of $9.99 on my statement. Please advise.,1,billing
"Hello, I need a copy of my receipt for the Starter plan. Thank you.",0,billing
URGENT!!! The checkout page freezes and never finishes loading.,1,bug_report
Hope you can help. Turn off auto-renew for my Basic plan. Any update?,0,cancellation
"Hi team, Turn off auto-renew for my Pro plan.",0,cancellation
Thanks in advance! My order has not arrived and tracking has not updated in 10 days.,0,shipping
Thanks in advance! Dark mode makes the text unreadable in the dashboard. Any update?,0,bug_report
Thanks in advance! Turn off auto-renew for my Team plan. Any update?,0,cancellation
"VERY FRUSTRATED, I FORGOT MY USERNAME AND THE RECOVERY LINK IS BROKEN. ANY UPDATE?",1,login_access
"Good morning, My order has not arrived and tracking has not updated in 10 days.",0,shipping
"Hello, The courier marked my order as delivered but I got nothing.",0,shipping
Hope you can help. The app crashes whenever I open the settings on my Android phone.,0,bug_report
"Hi team, Please cancel my Enterprise subscription effective immediately. Any update?",0,cancellation
This is unacceptable! Two-factor code is not working on my iPhone.,1,login_access
"Hi team, Any plans for a native Windows PC app?.",0,feature_request
ASAP. I need a copy of my receipt for the Basic plan.,1,billing
"Good morning, The app crashes whenever I open the checkout on my iPhone. Thank you.",0,bug_report
"Good morning, Why was my credit card billed after I downgraded to Starter?. Please advise.",0,billing
Thanks in advance! The app crashes whenever I open the profile on my iPhone.,0,bug_report
Thanks in advance! I forgot my username and the recovery link is broken. Any update?,0,login_access
"Hi team, I can't log in, the password reset email never arrives.",0,login_access
Hope you can hlep. Export to CSV produces an empty file. Thank you.,0,bug_report
"Hope you can help. I am switching providers, please terminate my contract.",0,cancellation
ASAP. TWO-FACTOR CODE IS NOT WOKRING ON MY LAPTOP.,1,login_access
"VERY FRUSTRATED, WHERE IS MY PARCEL? IT WAS SUPPOSED TO ARRIVE 12 DAYS AGO.",1,shipping
Thanks in advance! The package was deliveerd to the wrong address.,0,shipping
Thanks in advance! Please cancel my Pro subscription effective immediately.,0,cancellation
"Hi team, Can you support exporting to PDF with custom branding?. Thank you.",0,feature_request
ASAP. My account is lcoked after too many attempts. Any update?,1,login_access
"Hi team, Where is my parcel? It was supposed to arrive 10 days ago.",0,shipping
"Thanks in advance! I can't log in, the password reset email never arrives.",0,login_access
"Hi team, Clicking save on the report builder throws an error 500. Any update?",0,bug_report
"Good morning, Cancel my order, I no longer need it. Any update?",0,cancellation
ASAP. CAN YOU SUPPORT EXPORTING TO PDF WITH CUSTOM BRANDING?. PLEASE ADVISE.,1,feature_request
"Hello, Please cancel my Starter subscription effective immediately.",0,cancellation
ASAP. Can you support exporting to PDF with custom branding?.,1,feature_request
Hope you can help. Any plans for a native Android phone app?. Tahnk you.,0,feature_request
"Hello, Clicking save on the profile throws an error 500.",0,bug_report
URGENT!!! THERE IS AN UNEXPECTED CHARGE OF $9.99 ON MY STATEMENT. PLEASE ADVISE.,1,billing
ASAP. PLEASE CANCEL MY BASIC SUBSCRIPTION EFFECTIVE IMMEDIATLEY.,1,cancellation
"Hi team, I want to stop my membership before the next renewal.",0,cancellation
Hope you can help. I was charged twcie for my Basic subscription this month.,0,billing
Thanks in advance! We would love an API endpoint for the checkout.,0,feature_request
Thanks in advance! Getting 'access denied' when opening the billing page page.,0,login_access
"Hi team, The courier marked my order as delivered but I got nothing. Please advise.",0,shipping
"Hello, I received a damaged item, the box was crushed. Please advise.",0,shipping
Thanks in advance! Any plans for a native Windows PC app?.,0,feature_request
Need help immediately! Where is my parcel? It was supposed to arrive 7 days ago. Thank you.,1,shipping
"Good morning, I want to stop my membership before the next renewal. Any update?",0,cancellation
"Good morning, We would love an API endpoint for the report builder. Please advise.",0,feature_request
ASAP. My account is locked after too many attempts.,1,login_access
"Hello, Clicking save on the checkout trhows an error 500. Any update?",0,bug_report
Hope you can help. Any plans for a native Android phone app?.,0,feature_request
NEED HELP IMMEDIATELY! THERE IS AN UNEXPCETED CHARGE OF $19.99 ON MY STATEMENT. PLEASE ADVISE.,1,billing
Need help immediately! The package was delivered to the wrong address.,1,shipping
Thanks in advance! Two-factor code is not working on my laptop.,0,login_access
"Hi team, I was charged twice for my Starter subscription this month. Any update?",0,billing
"Good morning, Dark mode makes the text unreadable in the billing page.",0,bug_report
Hope you can help. The package was delievred to the wrong address.,0,shipping
"Hello, Getting 'access denied' when opening the billing page page.",0,login_access
Thanks in advance! We would love an API endpoint for the settings.,0,feature_request
"Hello, Please cancel my Team subscription effective immediatley.",0,cancellation
"Good morning, Clicking save on the dashboard throws an error 500. Please advise.",0,bug_report
"Hello, Any plans for a native iPad app?. Please advise.",0,feature_request
"NEED HELP IMMEDIATELY! I AM SWITCHING PROVIDERS, PLEASE TERMINATE MY CONTRACT. PLEASE ADVISE.",1,cancellation
Need help immediately! How do I close my account and delete my data?.,1,cancellation
ASAP. PLEASE ADD BULK EDITING TO THE BILLING PAGE.,1,feature_request
This is unacceptable! Any plans for a native iPad app?. Any update?,1,feature_request
"Hi team, Clicking save on the billing page throws an error 500. Please advise.",0,bug_report
ASAP. WHY WAS MY CREDIT CARD BILLED AFTER I DOWNGRADED TO BASCI?. ANY UPDATE?,1,billing
URGENT!!! I forgot my username and the recovery link is broken. Please advise.,1,login_access
ASAP. We would love an API endpoint for the chcekout.,1,feature_request
"Hi team, I want to stop my membership before the next renewal.",0,cancellation
"Hi team, My account is locked after too many attempts. Please advise.",0,login_access
"Good morning, Dark mode makes the text unreadable in the settings. Thank you.",0,bug_report
"Hi team, Notifications show up twice and the badge count is wrong.",0,bug_report
"Hello, There is an unexpected chrage of $9.99 on my statmeent.",0,billing
Hope you can help. I need a copy of my receipt for the Starter plan. Thank you.,0,billing
"URGEN!T!! I RECEIVED A DAMAGED ITEM, THE BOX WAS CRUSHED. THANK YOU.",1,shipping
"Hi team, Turn off auto-renew for my Enterprise plan. Thank you.",0,cancellation
Hope you can help. I want to stop my membership before the next renewal. Any update?,0,cancellation
"Hello, Dark mode makes the text unreadable in the report builder. Please advise.",0,bug_report
"Hi team, I was charged twice for my Team subscription this month.",0,billing
Need help immediately! Where is my parcel? It was supposed to arrive 7 days ago. Thank you.,1,shipping
THIS IS UNACCEPTABLE! GETTING 'ACCESS DENIED' WHEN OPENING THE CHECKOUT PAGE. THANK YOU.,1,login_access
Hope you can help. Dark mode makes the text unreadable in the dashboard. Any update?,0,bug_report
ASAP. The package was delivered to the wrong address.,1,shipping
Hope you can help. My account is locked after too many attempts. Any update?,0,login_access
ASAP. I WANT TO STOP MY MEMBERSHIP BEFORE THE NEXT RENEWAL.,1,cancellation
"Hi team, Where is my parcel? It was supposed to arrive 5 days ago.",0,shipping
THIS IS UNACCEPTABLE! MY ORDER HAS NOT ARRIVED AND TRACKING HAS NOT UPDATED IN 10 DAYS.,1,shipping
Need help immediately! How do I close my account and delete my data?.,1,cancellation
"Hello, Turn off auto-renew for my Enterprise plan. Thank you.",0,cancellation
Hope you can help. How do I close my account and delete my data?. Thank you.,0,cancellation
"ASAP. MY INVOICE SHOWS THE WRONG AMOUNT, I NEED A REFUND FOR $9.99. PLEASE ADVISE.",1,billing
Hope you can help. Suggestion: allow scheduling reports from the checkout. Thank you.,0,feature_request
Hope you can help. Please cancel my Pro subscription effective immediately.,0,cancellation
Thanks in advance! Any plans for a native laptop app?. Any update?,0,feature_request
"Hello, Cancel my order, I no longer need it.",0,cancellation
"Hello, Notifications show up twice and the badge count is wrong.",0,bug_report
"Hope you can help. The payment failed but money left my account, please check the dashboard. Please advise.",0,billing
Hope you can help. I need to change the delivery address for my order.,0,shipping
"ASAP. I can't log in, the password reset email never arrives. Any update?",1,login_access
Hope you can help. Two-factor code is not working on my Windows PC. Thank you.,0,login_access
Hope you can help. Why was my credit card billed after I downgraded to Team?. Please advise.,0,billing
Thanks in advance! We would love an API endpoint for the report builder.,0,feature_request
"Good morning, Notifications show up twice and the badge count is wrong.",0,bug_report
"Hope you can help. The payment failed but money left my account, please check the settings.",0,billing
"Good morning, The payment failed but money left my account, plaese check the dashboard.",0,billing
"Hi team, Notifications show up twice and the badge count is wrong. Any update?",0,bug_report
Hope you can help. I was charged twice for my Team subscription this month. Please advise.,0,billing
ASAP. THE APP CRASHES WHENEVER I OPEN THE BILLNIG PAGE ON MY IPAD.,1,bug_report
Thanks in advance! I want to stop my membership before the next renewal. Thank you.,0,cancellation
Hope you can help. Why was my credit card billed after I downgraded to Enterprise?.,0,billing
URGENT!!! TWO-FACTOR CODE IS NOT WORKING ON MY IPDA.,1,login_access
Need help immediately! Please cancel my Basic subscription effective immediately.,1,cancellation
"Good morning, I received a damaged item, the box was crushed.",0,shipping
"VERY FRUSTRATED, THERE IS AN UNEXPECTED CHARGE OF $49 ON MY STATEMENT. THANK YOU.",1,billing
"Hi team, The package was delivered to the wrnog address.",0,shipping
"Thanks in advance! The payment failed but money left my account, please check the checkout.",0,billing
"Hello, Plaese cancel my Basic subscription effective immediately. Please advise.",0,cancellation
"Thanks in advance! Cancel my order, I no longer need it. Thank you.",0,cancellation
URGENT!!! Getting 'access denied' when opening the billing page page.,1,login_access
"Good morning, The payment failed but money left my account, please check the settings.",0,billing
URGENT!!! I NEED TO CHANGE THE DELIVERY ADDRESS FOR MY ORDER.,1,shipping
Hope you can help. I need a copy of my receipt for the Enterprise plan.,0,billing
Hope you can help. Any plans for a native laptop app?. Thank you.,0,feature_request
"Thanks in advance! I am switching providers, please terminate my contract.",0,cancellation
"Hi team, My account is locked after too many attempts.",0,login_access
Hope you can help. It would be great to have a settings integration with Slack. Please advise.,0,feature_request
"Good morinng, It would be great to have a dashboard integration with Slack.",0,feature_request
THIS IS UNACCEPTABLE! PLEASE CANCEL MY ENTERPRISE SUBSCRIPTION EFFECTIVE IMMEDIATELY. PLEASE ADVISE.,1,cancellation
Thanks in advance! The package was delivered to the wrong address.,0,shipping
"Hi team, Export to CSV proudces an empty file.",0,bug_report
Thanks in advance! My order has not arrived and tracking has not upadted in 7 days.,0,shipping
"Hello, Notifications show up twice and the badge count is wrong. Please advise.",0,bug_report
Hope you can help. My order has not arrived and tracking has not updated in 10 days. Thank you.,0,shipping
Thanks in advance! Suggestion: allow scheduling reports from the checkuot. Thank you.,0,feature_request
"Hi team, Can you support exporting to PDF with custom branding?.",0,feature_request
Hope you can help. Clicking save on the checkout throws an error 500. Thank you.,0,bug_report
"Very frustrated, It would be great to have a billing page integration with Slack.",1,feature_request
"Hi team, Please cancel my Team subscription effective immediately. Thank you.",0,cancellation
"Good morning, Dark mode makes the text unreadable in the dashboard.",0,bug_report
"Good mornnig, I can't log in, the password reset email never arrives. Thank you.",0,login_access
"Hello, Clicking save on the report builder throws an error 500. Thank you.",0,bug_report
Hope you can help. Please cancel my Enterprise subscription effective immediately.,0,cancellation
"VERY FRUSTRATED, PLEASE CANCEL MY PRO SUBSCRIPTION EFFECTIVE IMMEDIATELY.",1,cancellation
"Hi team, Dark mode makes the text unreadable in the checkout.",0,bug_report
Hope you can help. Dark mode makes the text unreadable in the settings. Please advise.,0,bug_report
Hope you can hepl. Please cancel my Enterprise subscription effective immediately. Please advise.,0,cancellation
"Very frustrated, Dark mode makes the text unreadable in the settings. Thnak you.",1,bug_report
"Good morning, My invoice shows the wrong amount, I need a refund for $299.",0,billing
Hope you can help. My account is lcoked after too many attempts.,0,login_access
"Hello, It would be great to have a dashboard integration with Slack. Any update?",0,feature_request
"Hello, How do I close my account and delete my data?. Please advise.",0,cancellation
"Hi taem, Any plans for a native Android phone app?. Any update?",0,feature_request
"Hello, Two-factor code is not working on my laptop. Please advise.",0,login_access
URGENT!!! Single sign-on keeps redirecting me back to the login screen. Please advise.,1,login_access
Thanks in advance! It would be great to have a dashboard integration with Slack. Any update?,0,feature_request
"Hi team, Turn off auto-renew for my Basic plan. Please advise.",0,cancellation
"Hi team, I need to change the delivery address for my order. Thank you.",0,shipping
Thanks in advance! It would be great to have a profile integration with Slack.,0,feature_request
"Good morning, Export to CSV produces an empty file.",0,bug_report
"NEED HELP IMMEDIATELY! THE PAYMENT FAILED BUT MONEY LEFT MY ACCOUNT, PLEASE CHECK THE PROFILE. PLEASE ADVISE.",1,billing
THIS IS UNACCEPTABLE! NOTIFICATIONS SHOW UP TWCIE AND THE BADGE COUNT IS WRONG. ANY UPDATE?,1,bug_report
"Hello, The courier marked my order as delivered but I got nothing. Please advise.",0,shipping
"Hello, Where is my parcel? It was supposed to arrive 3 days ago. Thank you.",0,shipping
"VERY FRUSTRATED, THE PAYMENT FAILED BUT MONEY LEFT MY ACCOUNT, PLEASE CHECK THE CHECKOUT.",1,billing
Hope you can help. Turn off auto-renew for my Pro plan. Thank you.,0,cancellation
"Hope you can help. Cancel my order, I no longer need it.",0,cancellation
"Thanks in advance! Cancel my order, I no longer need it.",0,cancellation
ASAP. My account is locked after too many attempts.,1,login_access
"Good morning, Getting 'access denied' when opening the dashboard page. Thank you.",0,login_access
Hope you can help. Getting 'access denied' when opening the billing page page. Thank you.,0,login_access
"Hello, Turn off auto-renew for my Starter plan. Thank you.",0,cancellation
"Hi team, My order has not arrived and tracking has not updated in 3 days.",0,shipping
"Hope you can help. The payment failed but money left my account, please check the report builder.",0,billing
"Hi team, I want to stop my membership before the next renewal. Please advsie.",0,cancellation
"Hello, We would love an API endponit for the checkout. Please advise.",0,feature_request
URGENT!!! I need to change the delivery address for my order.,1,shipping
URGENT!!! Dark mode makes the text unreadable in the checkout. Any update?,1,bug_report
Thanks in advance! Notifications show up twice and the badge count is wrong. Any update?,0,bug_report
"Hello, We would love an API endpoint for the billing page. Please advise.",0,feature_request
"Hello, I was charged twice for my Team subscription this month.",0,billing
"Hope you can help. I received a damaged item, the box was crushed.",0,shipping
"VERY FRUSTRATED, WHERE IS MY PARCEL? IT WAS SUPPOSED TO ARRIVE 10 DAYS AGO.",1,shipping
"Hi team, Notifications show up twice and the badge count is wrong.",0,bug_report
"Very frustrated, Where is my parcel? It was supposed to arrive 10 days ago. Please advise.",1,shipping
Thanks in advance! Dark mode makes the text unreadable in the billing page. Please advise.,0,bug_report
Thanks in advance! Dark mode makes the text unreadable in the checkout. Thank you.,0,bug_report
"Hi team, Dark mode makes the text unreadable in the checkout.",0,bug_report
THIS IS UNACCEPTABLE! TURN OFF AUTO-RENEW FOR MY ENTERPRISE PLAN.,1,cancellation
"VERY FRUSTRATED, WHY WAS MY CREDIT CARD BILLED AFETR I DOWNGRADED TO ENTERPRISE?. ANY UPDATE?",1,billing
"Good morning, Clicking save on the settings throws an error 500. Any update?",0,bug_report
"Good morning, The settings page freezes and never fniishes loading. Thank you.",0,bug_report
"Hello, The payment failed but money left my account, please check the report builder.",0,billing
"Good morning, Single sign-on keeps redirecting me back to the login screen.",0,login_access
"Good morning, I can't log in, the password reset email never arrives.",0,login_access
Thanks in advance! I want to stop my membership before the next renewal. Any update?,0,cancellation
"Hello, I am switching providers, please terminate my contract. Please advise.",0,cancellation
"Very frustrated, My invoice shows the wrong amount, I need a refund for $9.99. Please advise.",1,billing
"Hi team, I received a damaged item, the box was crushed.",0,shipping
Thanks in advance! Can you support exporting to PDF with custom branding?. Thank you.,0,feature_request
"Hi team, It would be great to have a settings integration with Slack.",0,feature_request
ASAP. Suggestion: allow scheduling reports from the profile.,1,feature_request
"URGENT!!! THE PAYMENT FAILED BUT MONEY LEFT MY ACCOUNT, PLEASE CHECK THE REPORT BUILDER. PLEASE ADVISE.",1,billing
Hope you can help. Suggestion: allow scheduling reports from the dashboard.,0,feature_request
Thanks in advance! I was charged twice for my Basic subscription this month. Thank you.,0,billing
Need help immediately! Any plans for a native laptop app?. Any update?,1,feature_request
Thanks in advance! I forgot my username and the recovery link is broken.,0,login_access
Thanks in advance! I need to change the delivery address for my order. Please advise.,0,shipping
"Hi team, Why was my credit card bliled after I downgraded to Team?. Any update?",0,billing
URGENT!!! There is an unexpected charge of $299 on my statement. Please advise.,1,billing
Thanks in advance! Can you support exporting to PDF with custom branding?. Please advise.,0,feature_request
Hope you can help. Notifications show up tiwce and the badge count is wrong.,0,bug_report
URGENT!!! I WAS CHRAGED TWICE FOR MY TEAM SUBSCRIPTION THIS MONTH.,1,billing
"Good morning, Why was my credit card billed after I downgraded to Pro?. Any update?",0,billing
NEED HELP IMMEDIATELY! WE WOULD LOVE AN API ENDPOINT FOR THE SETTINGS.,1,feature_request
"Hello, My oredr has not arrived and tracking has not updated in 7 days. Thank you.",0,shipping
"Very frsutrated, My accuont is locked after too many attempts.",1,login_access
Hope you can help. I need a copy of my receipt for the Starter plan. Any update?,0,billing
"Hello, How do I close my account and delete my data?. Any update?",0,cancellation
"Hi team, We would love an API endpoint for the profile.",0,feature_request
Hope you can help. I was charged twice for my Pro subscription this month. Thank you.,0,billing
"Hello, The package was delivered to the wrong address.",0,shipping
Thanks in advance! Clicking save on the checkout throws an erorr 500. Thank you.,0,bug_report
"Good morning, Cancel my order, I no longer need it.",0,cancellation
Hope you can hlep. Notifications show up tiwce and the badge count is wrong.,0,bug_report
"Hi team, Dark mode makes the text unreadable in the settings. Please advise.",0,bug_report
Need help immediately! Where is my parcel? It was supposed to arrive 3 days ago.,1,shipping
"Hello, Please cancel my Staretr subscription effective immediately. Please advise.",0,cancellation
ASAP. TWO-FACTOR CODE IS NOT WORKING ON MY WINDOWS PC.,1,login_access
"Hope you can help. I can't log in, the password reset email never arrives.",0,login_access
"Helol, I was charged twice for my Enterprise subscription this month.",0,billing
URGENT!!! HOW DO I CLOSE MY ACCOUNT AND DELETE MY DATA?.,1,cancellation
Thanks in advance! Getting 'access denied' when opening the billing page page.,0,login_access
ASAP. THE APP CRASHES WHENEVER I OPEN THE PROFILE ON MY WINDOWS PC.,1,bug_report
Thanks in advance! There is an unexpected charge of $9.99 on my statement. Please advise.,0,billing
Thanks in advance! Two-factor code is not working on my iPhone. Please advise.,0,login_access
Need help immediately! Turn off auto-renew for my Team plan. Any update?,1,cancellation
"Good morning, The package was delivered to the wrong address.",0,shipping
THIS IS UNACCEPTABLE! SUGGESTION: ALLOW SCHEDULING REPORTS FROM THE DASHBOARD. THANK YOU.,1,feature_request
"Hope you can help. The payment failed but money left my account, please check the billing page. Please advise.",0,billing
Thanks in advance! The cuorier marked my order as delivered but I got nothing.,0,shipping
Hope you can help. The app crashes whenever I open the billing page on my Windows PC. Please advise.,0,bug_report
Hope you can help. The billing page page freezes and never finishes loading. Please advise.,0,bug_report
"Thanks in advance! I can't log in, the password reset email never arrives. Thank you.",0,login_access
Hope you can help. Please cancel my Team subscription effective immediately.,0,cancellation
"Good morning, My invoice shows the wrong amount, I need a refund for $49. Thank you.",0,billing
"Hello, Please cancel my Team subscription effective immediately.",0,cancellation
"Hi team, Signle sign-on keeps redirecting me back to the login screen.",0,login_access
Tahnks in advance! My order has not arrived and tracikng has not updated in 10 days.,0,shipping
Hope you can help. Turn off auto-renew for my Starter plan. Please advise.,0,cancellation
NEED HELP IMMEDIATELY! NOTIFICATIONS SHOW UP TWICE AND THE BADGE COUNT IS WRONG.,1,bug_report
This is unaccepatble! I was charged twice for my Basic subscription this month.,1,billing
THIS IS UNACCEPTABLE! CAN YOU SUPPORT EXPORTING TO PDF WITH CUSTOM BRANDING?.,1,feature_request
"Very frustrated, Where is my parcel? It was supposed to arrive 12 days ago. Any update?",1,shipping
Thanks in advance! We would love an API endpoint for the profile. Any update?,0,feature_request
"Good morinng, Single signo-n keeps redirecting me back to the login screen. Any update?",0,login_access
"This is unacceptable! I received a damaged item, the box was crushed. Any update?",1,shipping
"Good morning, My invoice shows the wrong amount, I need a refund for $120.50.",0,billing
"VERY FRUSTRATED, IT WOULD BE GREAT TO HAVE A REPORT BUILDER INTEGRATION WITH SLACK.",1,feature_request
"Hi team, I need a copy of my receipt for the Team plan.",0,billing
URGENT!!! CLICKING SAVE ON THE PROFILE THROWS AN ERROR 500.,1,bug_report
"Good mornign, I need to chnage the delivery address for my order. Please advise.",0,shipping
Thanks in advance! There is an unexpected charge of $120.50 on my statement.,0,billing
Thanks in advance! Export to CSV produces an empty file. Any update?,0,bug_report
Hope you can help. Notifications show up twice and the badge count is wrong. Any update?,0,bug_report
Hope you can help. The dahsboard page freezes and never finishes loadign. Please advise.,0,bug_report
NEED HELP IMMEDIATELY! THE APP CRASHES WHENEVER I OPEN THE PROFILE ON MY IPHONE.,1,bug_report
"Good morning, Tehre is an unexpected charge of $9.99 on my statement.",0,billing
ASAP. Getting 'access denied' when opening the dashboard page. Thank you.,1,login_access
"Good morning, Cancel my order, I no longer need it. Any update?",0,cancellation
THIS IS UNACCEPTABLE! I NEED A COPY OF MY RECEIPT FOR THE BASIC PLAN. ANY UPDATE?,1,billing
Need help immediately! Why was my credit card bliled after I downgraded to Basic?.,1,billing
"Hi team, I received a damaged item, the box was crushed.",0,shipping
Need help immediately! I need a copy of my receipt for the Team plan. Please advise.,1,billing
Need help immediately! I forgot my username and the recovery link is broken. Please advise.,1,login_access
"Hope you can help. I can't log in, the password reset email never arrives. Please advise.",0,login_access
"Hi team, I need to change the delivery address for my order.",0,shipping
"Hi team, We would love an API endpoint for the profile.",0,feature_request
ASAP. CLICKING SAVE ON THE BILLING PAGE THROWS AN ERROR 500. THANK YOU.,1,bug_report
"Hi team, The package was delivered to the wrong address.",0,shipping
NEED HELP IMMEDIATELY! THERE IS AN UNEXPECTED CHARGE OF $299 ON MY STATEMENT. ANY UPDATE?,1,billing
"Hello, Please add bulk editing to the dashboard. Please advise.",0,feature_request
"Hi team, There is an unexpected chrage of $19.99 on my statement.",0,billing
Hope you can help. My account is locked after too many attempts. Please advise.,0,login_access
"Hello, I forgot my username and the recovery link is broken.",0,login_access
Thanks in advance! The courier marked my order as delivered but I got nothing. Thank you.,0,shipping
Thanks in advnace! The courier marked my order as delivered but I got nothing. Thank you.,0,shipping
"Hello, Single sign-on keeps redirecting me back to the loign screen.",0,login_access
Thanks in advance! Dark mode makes the text unreadable in the billing page. Thank you.,0,bug_report
ASAP. GETTING 'ACCESS DENIED' WHEN OPENING THE SETTINGS PAGE. PLEASE ADVISE.,1,login_access
"Hi team, Any plans for a native iPad app?.",0,feature_request
"Good morning, Why was my credit card billed after I downgraded to Enterprise?. Thank you.",0,billing
"Hi team, Two-factor code is not working on my iPhone. Thank you.",0,login_access
Thanks in advance! There is an unexpected charge of $19.99 on my statement. Any update?,0,billing
Hope you can help. Suggestion: allow scheduling reports from the billing page. Thank you.,0,feature_request
"Hello, My order has not arrived and tracking has not updated in 10 days.",0,shipping
"Hi team, Clicking save on the profile throws an error 500. Thank you.",0,bug_report
"Good morning, I need to change the delivery address for my order.",0,shipping
"Hello, I can't log in, the password reset email never arrives.",0,login_access
Hope you can help. Any plans for a native laptop app?. Please advise.,0,feature_request
Thanks in advance! Turn off auto-renew for my Enterprise plan.,0,cancellation
"ASAP. Cancel my order, I no longer need it. Please advise.",1,cancellation
Thanks in advance! My account is lokced atfer too many attempts. Any update?,0,login_access
"Hi team, Can you support exporting to PDF with custom branding?. Thank you.",0,feature_request
"Very frustrated, I am switching providers, please terminate my contract. Please advise.",1,cancellation
Need help immediately! I want to stop my membership before the next renewal. Please advise.,1,cancellation
Hope you can help. Please add bulk ediitng to the settings. Any update?,0,feature_request
"Good morning, My odrer has not arrived and tracking has not updated in 3 days.",0,shipping
Thanks in advance! Any plans for a native iPad app?. Thank you.,0,feature_request
"Very furstrated, The courier marked my order as delivered but I got nothing. Please advise.",1,shipping
"Good morning, I want to stop my membership before the next renewal. Thank you.",0,cancellation
"Good morning, I am switching providers, please terminate my contract.",0,cancellation
"Hello, The package was delivered to the wrong address.",0,shipping
Hope you can help. The settings page freezes and never finishes loading. Thank you.,0,bug_report
Thanks in advance! There is an unexpected charge of $19.99 on my statement.,0,billing
"Hi team, Can you support exporting to PDF with custom branding?.",0,feature_request
ASAP. THE APP CRASHES WHENEVER I OPEN THE REPORT BUILDER ON MY IPDA.,1,bug_report
"THIS IS UNACCEPTABLE! MY INVOICE SHOWS THE WRONG AMOUNT, I NEED A REFUND FOR $120.50.",1,billing
Hope you can help. Please add bulk editing to the dashboard.,0,feature_request
"Hello, I was charged twice for my Pro subscription this month.",0,billing
"Good morning, How do I close my account and delete my data?. Any update?",0,cancellation
Hope you can help. We would love an API endpoint for the profile.,0,feature_request
Thanks in advance! How do I close my account and delete my data?.,0,cancellation
"Hi team, Where is my parcel? It was supposed to arrive 3 days ago. Any update?",0,shipping
"Hi team, Suggestion: allow scheduling reports from the settings. Any update?",0,feature_request
"Hi team, The app crashes whenever I open the billing page on my iPhone.",0,bug_report
This is unacceptable! It would be great to have a report builder integration with Slack.,1,feature_request
"Hi team, Getting 'access denied' when opening the checkout page.",0,login_access
THIS IS UNACCEPTABLE! THERE IS AN UNEXPECTED CHARGE OF $299 ON MY STATEMENT.,1,billing
"Hello, The package was delivered to the wrong address.",0,shipping
"Hello, Cancel my order, I no longer need it. Any update?",0,cancellation
"Hi team, Single sign-on keeps redirecting me back to the login screen. Thank you.",0,login_access
URGENT!!! IT WOULD BE GREAT TO HAVE A SETTINGS INTEGRATION WITH SLACK. PLEASE ADVISE.,1,feature_request
"Hi team, We wolud love an API endpoint for the settings.",0,feature_request
Thanks in advance! The courier marked my order as delivered but I got nothing.,0,shipping
"VERY FRUSTRATED, IT WOULD BE GREAT TO HAVE A REPORT BUILDER INTEGRATION WITH SLACK.",1,feature_request
ASAP. My account is locked after too many attempts. Please advise.,1,login_access
"Good morning, My account is locked after too many attempts. Please advise.",0,login_access
Thanks in advance! Any plans for a natvie Android phone app?.,0,feature_request
Thanks in advance! The courier marked my order as delivered but I got nothing. Please advies.,0,shipping
"Hello, The app crashes whenever I open the billing page on my iPhone.",0,bug_report
Hope you can help. My order has not arrived and tracking has not updated in 12 days. Thank you.,0,shipping
URGENT!!! MY ACCOUNT IS LOCKED AFTER TOO MANY ATTEMPTS. PLEASE ADVISE.,1,login_access
THIS IS UNACCEPTABLE! CLICKING SAVE ON THE DASHBOARD THROWS AN ERROR 500.,1,bug_report
"Good morning, I want to stop my membership before the next renewal.",0,cancellation
This is unacceptable! The courier marked my order as delivered but I got nothing. Thank you.,1,shipping
URGENT!!! CAN YOU SUPPORT EXPORTING TO PDF WITH CUSTOM BRANDING?. ANY UPDATE?,1,feature_request
"URGENT!!! THE PAYMENT FAILED BUT MONEY LEFT MY ACCOUNT, PLEASE CHECK THE SETTINGS.",1,billing
"Very frustrated, Export to CSV produces an empty file. Thank you.",1,bug_report
"VERY FRUSTRATED, IT WOULD BE GREAT TO HAVE A SETTINGS INTEGRATION WITH SLACK.",1,feature_request
URGENT!!! Single sign-on keeps redirecting me back to the login screen. Please advise.,1,login_access
"Hi team, Notifications show up twice and the badge count is wrong. Thank you.",0,bug_report
Thanks in advance! Any plans for a native iPad app?. Please advise.,0,feature_request
Thanks in advance! Please add bulk editing to the report builder.,0,feature_request
ASAP. Any plans for a native iPhone app?. Any update?,1,feature_request
"Good morning, Two-factor code is not working on my Android phone. Any update?",0,login_access
"Thanks in advance! I am switching providers, please terminate my contract.",0,cancellation
"Hello, Export to CSV produces an empty file. Any update?",0,bug_report
"Hi team, Clicking save on the billing page throws an error 500. Any update?",0,bug_report
Hope you can help. The courier marked my order as delivered but I got nothing.,0,shipping
Thanks in advance! Please add bulk editing to the checkout. Thank you.,0,feature_request
Thanks in advance! The package was delivered to the wrong address.,0,shipping
URGENT!!! Export to CSV produces an empty file.,1,bug_report
"Hi team, Why was my credit card billed after I downgraded to Basic?. Please advise.",0,billing
Thanks in advance! Two-factor code is not working on my Android phone. Any update?,0,login_access
"Hi team, My order has not arrived and tracking has not updated in 5 days. Thank you.",0,shipping
Thanks in advance! There is an unexpected charge of $19.99 on my statement.,0,billing
Hope you can help. I need to change the delivery address for my order.,0,shipping
ASAP. WE WOULD LOVE AN API ENDPOINT FOR THE PROFILE. ANY UPDATE?,1,feature_request
"Hello, The app crashes whenever I open the billing page on my laptop. Thank you.",0,bug_report
NEED HELP IMMEDIATELY! DARK MODE MAKES THE TEXT UNREADABLE IN THE BILLING PAGE. PLAESE ADVISE.,1,bug_report
Hope you can help. Please add bulk editing to the report builder. Thank you.,0,feature_request
Hope you can help. Export to CSV produces an empty file. Any update?,0,bug_report
"Hello, The package was delivered to the wrong address.",0,shipping
Thanks in advance! Why was my credit card billed after I downgraded to Starter?.,0,billing
"Good morning, Clicking save on the checkout throws an error 500. Please advise.",0,bug_report
Thanks in advance! Can you support exporting to PDF with custom branding?.,0,feature_request
Thanks in advance! Can you support exporting to PDF with custom branding?. Please advise.,0,feature_request
Hope you can help. Export to CSV produces an empty file.,0,bug_report
Thanks in advance! My account is locked after too many attempts.,0,login_access
"VERY FRUSTRATED, WHERE IS MY PARCEL? IT WAS SUPPOSED TO ARRIVE 10 DAYS AGO. THANK YOU.",1,shipping
"Good morning, I need to change the delivery address for my order. Please advise.",0,shipping
"VERY FRUSTRATED, WE WOULD LOVE AN API ENDPOINT FOR THE DASHBOARD. THANK YOU.",1,feature_request
"Very frustrated, Suggestion: allow scheduling reports from the report builder. Any udpate?",1,feature_request
"Hi team, I forgot my username and the recovery link is broekn. Any update?",0,login_access
"Hi team, The payment failed but money left my account, please check the billing page.",0,billing
"Hope you can help. I can't log in, the password reset email never arrives. Please advise.",0,login_access
"Hello, My account is locked after too many attempts.",0,login_access
Hope you can help. How do I close my account and delete my data?.,0,cancellation
"Hi team, Single sign-on keeps redirecting me back to the login screen.",0,login_access
"Hi team, The package was delivered to the wrong address.",0,shipping
"Good morning, I want to stop my membership before the next renewal.",0,cancellation
URGENT!!! I NEED A COPY OF MY RECEIPT FOR THE BASIC PLAN.,1,billing
Thanks in advance! Single sign-on keeps redirecting me back to the login screen.,0,login_access
"Good morning, The package was delivered to the wrong address. Please advise.",0,shipping
"Good morning, I forgot my username and the recovery link is broken. Any update?",0,login_access
"Hello, Please cancel my Starter subscription effective immediately. Thank you.",0,cancellation
"Hi team, Dark mode makes the text unreadable in the settings. Thank you.",0,bug_report
THIS IS UNACCEPTABLE! I WANT TO STOP MY MEMBERSHIP BEFORE THE NEXT RENEWAL.,1,cancellation
URGENT!!! Dark mode makes the text unreadable in the report builder. Thnak you.,1,bug_report
"Hello, Where is my parcel? It was supposed to arrive 5 days ago.",0,shipping
"Hello, How do I close my account and delete my data?.",0,cancellation
"Hi team, I need to change the delivery address for my order. Thank you.",0,shipping
URGENT!!! ANY PLANS FOR A NATIVE LAPTOP APP?.,1,feature_request
Thakns in advance! Where is my parcel? It was supposed to arrive 5 days ago. Please advise.,0,shipping
"Good morning, I can't log in, the password reset email never arrives. Any update?",0,login_access
"Hello, Notifications show up twice and the badge count is wrong.",0,bug_report
"VERY FRUSTRATED, SINGLE SIGN-ON KEEPS REDIRECTING ME BACK TO THE LOGIN SCREEN.",1,login_access
URGENT!!! WHERE IS MY PARCEL? IT WAS SUPPOSED TO ARRIVE 5 DAYS AGO.,1,shipping
NEED HELP IMMEDIATELY! SUGGESTION: ALOLW SCHEDULING REPORTS FROM THE REPORT BUILDER. ANY UPDATE?,1,feature_request
Hope you can help. Two-factor code is not working on my laptop. Please advise.,0,login_access
"Thanks in advance! My invoice shows the wrong amount, I need a refund for $120.50. Any update?",0,billing
"Hello, I want to stop my membership before the next renewal. Any update?",0,cancellation
"Hello, The checkout page freezes and never finishes loading. Please advise.",0,bug_report
Thakns in advance! How do I close my account and delete my data?. Any update?,0,cancellation
"Hi team, I am switching providers, please terminate my contract.",0,cancellation
"Hello, Why was my credit card billed after I downgraded to Basic?. Thank you.",0,billing
NEED HELP IMMEDIATELY! GETTING 'ACCESS DENIED' WHEN OPENING THE SETTINGS PAGE. PLEASE ADVISE.,1,login_access
"VERY FRUSTRATED, TEHRE IS AN UNEXPECTED CHARGE OF $120.50 ON MY STATEMENT. ANY UPDATE?",1,billing
NEED HELP IMMEDIATELY! I WAS CHARGED TWICE FOR MY PRO SUBSCRIPTION THIS MONTH.,1,billing
"Hi team, The app crashes whenever I open the profile on my laptop. Thank you.",0,bug_report
Hope you can help. Suggestion: allow scheduling reports from the profile. Any update?,0,feature_request
"Good morning, I need to cahnge the delivery address for my order.",0,shipping
ASAP. EXPROT TO CSV PRODUCES AN EMPTY FILE. ANY UPDATE?,1,bug_report
"Hello, Getting 'access denied' when opening the settings page.",0,login_access
"Good morning, There is an unexpected charge of $299 on my statement. Thank you.",0,billing
"Hope you can help. The payment failed but money left my accoutn, please check the profile.",0,billing
Thanks in advance! I forgot my username and the recovery link is broken.,0,login_access
Thanks in advance! Single sign-on keeps redirecting me back to the login screen. Thank you.,0,login_access
"Good morning, Please add bulk editing to the dashboard.",0,feature_request
"Hello, Export to CSV produces an empty file.",0,bug_report
Hope you can help. Suggestion: allow scheduling reports from the settings. Please advise.,0,feature_request
"Good morning, Notifications show up twice and the badge count is wrong. Thank you.",0,bug_report
"Very frustrated, I am switching providers, please terminate my contract. Any update?",1,cancellation
Thanks in advance! I need to change the delivery address for my order.,0,shipping
"Hi team, Where is my parcel? It was supposed to arrive 10 days ago.",0,shipping
Thanks in advance! I need to change the delivery address for my order. Please advise.,0,shipping
Hope you can help. Any plans for a native Windows PC app?. Thank you.,0,feature_request
"Hi team, Turn off auto-renew for my Pro plan.",0,cancellation
"Hello, I was charged twice for my Starter subscription this month.",0,billing
Thanks in advance! My account is locked after too many attempts.,0,login_access
"Hello, We would love an API endpoint for the checkout. Thank you.",0,feature_request
THIS IS UNACCEPTABLE! WE WOULD LOVE AN API ENDPOINT FOR THE CHECKOUT. THANK YOU.,1,feature_request
"Hi team, Notifications show up twice and the badge count is wrong. Please advise.",0,bug_report
"Good morning, I need to change the delivery address for my order.",0,shipping
"Hello, Suggestion: allow scheduling reports from the checkout.",0,feature_request
"Thanks in advance! The payment failed but money left my account, please check the checkout. Any update?",0,billing
"Hello, Turn off auto-renew for my Starter plan. Thank you.",0,cancellation
Need help immediately! My account is lokced after too many attempts.,1,login_access
ASAP. How do I close my account and delete my data?.,1,cancellation
"NEED HELP IMMEDIATELY! MY INVOICE SHOWS THE WRONG AMOUNT, I NEED A REFUND FOR $120.50. THANK YOU.",1,billing
"Thanks in advance! I received a damaged item, the box was crushed. Any update?",0,shipping
"Hello, Please cancel my Basic subscription effective immediately.",0,cancellation
"Good morning, The package was delivered to the wrong address.",0,shipping
"Hello, Why was my credit card billed after I downgraded to Starter?. Please advise.",0,billing
"Hi team, Cancel my order, I no longer need it. Thank you.",0,cancellation
"VERY FRUSTRATED, THE APP CRASHES WHENEVER I OPEN THE SETTINGS ON MY WINDOWS PC. ANY UPDATE?",1,bug_report
"Hi team, Where is my parcel? It was supposed to arrive 3 days ago.",0,shipping
Hope you can help. Please add bulk editing to the settings. Thank you.,0,feature_request
Thanks in advance! Export to CSV produces an empty file.,0,bug_report
"Good morning, Two-factor code is not working on my Android phone.",0,login_access
"Thanks in advance! I received a damaged item, the box was crushed.",0,shipping
"Hi team, There is an unexpected charge of $120.50 on my statement.",0,billing
Hope you can help. I need to change the delivery address for my order. Any update?,0,shipping
"Good morning, I need to change the delivery address for my order. Any update?",0,shipping
Thanks in advance! I was charged twice for my Team subscription this month.,0,billing
ASAP. TWO-FACTOR CODE IS NOT WORKING ON MY LAPTOP. ANY UPDATE?,1,login_access
Hope you can hlep. Suggestion: allow scheduling reports from the checkout.,0,feature_request
THIS IS UNACCEPTABLE! TWO-FACTOR CODE IS NOT WORKING ON MY LAPTOP. ANY UPDATE?,1,login_access
"VERY FRUSTRATED, I NEED A COPY OF MY RECEIPT FOR THE BASIC PLAN.",1,billing
Hope you can help. Two-factor code is not wroking on my Windows PC.,0,login_access
"Hello, Notifications show up twice and the badge count is wrong.",0,bug_report
"Hi team, It would be great to have a billing page integration with Slack.",0,feature_request
Hope you can help. Why was my credit card billed after I downgraded to Starter?. Please advise.,0,billing
"Hello, Where is my parcel? It was supposed to arrive 10 days ago. Any update?",0,shipping
URGENT!!! DARK MODE MAKES THE TEXT UNREADABLE IN THE SETTINGS.,1,bug_report
"Hi team, I need a copy of my receipt for the Starter plan. Any update?",0,billing
"Good morning, Single sign-on keeps redirecting me back to the login screen. Any update?",0,login_access
Hope you can help. Dark mode makes the text unreaadble in the checkout.,0,bug_report
Thanks in advance! The courier marked my order as delivered but I got nothing.,0,shipping
"Hope you can help. The payment failed but money left my account, please check the billing page.",0,billing
Hope you can help. There is an unexpected charge of $49 on my statement.,0,billing
"Hope you can help. I received a damaged itme, the box was crushed.",0,shipping
Thanks in advance! Export to CSV produces an empty file. Thank you.,0,bug_report
"Good morning, The package was delivered to the wrong address. Thank you.",0,shipping
"Good morning, Notifications show up twice and the badge count is wrong. Please advise.",0,bug_report
"Hi team, Clicking save on the dashboard throws an error 500. Any update?",0,bug_report
"Hi team, My invoice shows the wrong amount, I need a refund for $120.50. Please advise.",0,billing
"Good morning, Suggestion: allow scheduling reports from the billing page. Please advise.",0,feature_request
"Hello, We would love an API endpoint for the proflie. Any update?",0,feature_request
"Hi team, Export to CSV produces an empty file. Please advise.",0,bug_report
Need help immediately! Wehre is my parcel? It was supposed to arrive 5 days ago. Please advise.,1,shipping
This is unacceptable! How do I close my account and delete my data?. Please advise.,1,cancellation
"Good morning, My order has not arrived and tracking has not updated in 7 days.",0,shipping
"Hi team, Cancel my order, I no longer need it.",0,cancellation
"Need help immediately! I am switching providers, please terminate my contract.",1,cancellation
"Hi team, I need to change the delivery address for my order.",0,shipping
"Hi team, My order has not arrived and tracking has not updated in 7 days.",0,shipping
"Hi team, How do I close my account and delete my data?.",0,cancellation
"Thanks in advance! Cancel my order, I no longer need it. Any update?",0,cancellation
Need help immediately! Any plans for a native Windows PC app?.,1,feature_request
"Very frustrated, The package was delivered to the wrong address. Please advise.",1,shipping
"Hlelo, My order has not arrived and tracking has not updated in 10 days. Thank you.",0,shipping
"Thanks in advance! I am switching providers, please terminate my contract. Please avdise.",0,cancellation
"Hi team, Dark mode makes the text unreadable in the billing page.",0,bug_report
"Hi team, I am switching providers, please terminate my contract. Any update?",0,cancellation
"Hi team, I was charged twice for my Enterprise subscription this month.",0,billing
Thanks in advance! The package was delivered to the wrong address. Please advise.,0,shipping
Need help immediately! Turn off autor-enew for my Team plan. Thank you.,1,cancellation
"Hello, I received a damaegd item, the box was crushed. Any update?",0,shipping
"Hi team, I need a copy of my receipt for the Basic plan.",0,billing
"Good morning, It would be great to have a dashboard integration with Slack.",0,feature_request
"Hi team, We would love an API endpoint for the settings. Any update?",0,feature_request
Hope you can help. There is an unexpected charge of $120.50 on my statement. Please advise.,0,billing
"Hello, Any plans for a native iPhone app?. Please advise.",0,feature_request
"Hi team, Dark mode makes the text unreadable in the profile.",0,bug_report
"Hello, I want to stop my membership before the next renewal. Thank you.",0,cancellation
Hope you can help. I was charged twice for my Enterprise subscription this month. Please advise.,0,billing
"Hi team, I want to stop my membership before the next renewal.",0,cancellation
Thanks in advance! We would love an API endpoint for the dashboard.,0,feature_request
Thanks in advance! Dark mode makes the text unreadable in the report builder.,0,bug_report
Hope you can help. Single sign-on keeps redirecting me back to the login screen.,0,login_access
Hope you can help. Clicking save on the profile throws an error 500. Thank you.,0,bug_report
"URGENT!!! THE PAYMENT FAILED BUT MONEY LEFT MY ACCOUTN, PLEASE CHECK THE REPORT BUILDER. PLEASE ADVISE.",1,billing
"Hi team, Single sign-on keeps redirecting me back to the login screen.",0,login_access
"VERY FRUSTRATED, THE COURIER MARKED MY ORDER AS DELIVERED BUT I GOT NOTHING.",1,shipping
"Hi team, The checkout page freezes and never finishes loading.",0,bug_report
"Hi tema, The app crashes whenever I open the checkout on my Android phone.",0,bug_report
"VERY FRUSTRATED, I NEED TO CHANGE THE DELIVERY ADDRESS FOR MY ORDER.",1,shipping
THIS IS UNACCEPTABLE! CAN YOU SUPPORT EXPORTING TO PDF WITH CUSTOM BRANDING?.,1,feature_request
Hope you can help. Clicking save on the billing page throws an error 500. Thank you.,0,bug_report
"VERY FRUSTRATED, GETTING 'ACCESS DENIED' WHEN OPENING THE BILLING PAGE PAGE. PLEASE ADVISE.",1,login_access
Need help immediately! The dashboard page freezes and never finishes loading. Please advise.,1,bug_report
Thanks in advance! Where is my parcel? It was supposed to arrive 5 days ago.,0,shipping
"Hello, Dark mode makes the text unreadable in the checkout.",0,bug_report
This is unacceptable! It would be great to have a billing page integration with Slack.,1,feature_request
Hope you can help. My order has not arrived and trcaking has not updated in 7 days.,0,shipping
"Good morning, The courier marked my order as delivered but I got nothing. Please advise.",0,shipping
"Hi team, There is an unexpected charge of $19.99 on my statement. Thank you.",0,billing
ASAP. NOTIFICATIONS SHOW UP TWICE AND THE BADGE COUNT IS WRONG. PLEASE ADVISE.,1,bug_report
"Hi team, I received a damaged item, the box was crushed.",0,shipping
"Good morning, Clicking save on the profile throws an error 500. Any update?",0,bug_report
"This is unacceptable! The payment failed but money left my account, please check the checkout.",1,billing
"Hi team, Dark mode makes the text unredaable in the settings.",0,bug_report
Hope you can help. Getting 'access denied' when opneing the checkout page.,0,login_access
THIS IS UNACCEPTABLE! THE APP CRASHES WHENEVER I OPEN THE SETTINGS ON MY ANDROID PHONE. ANY UPDATE?,1,bug_report
Need help immediately! Any plans for a native Android phone app?. Any update?,1,feature_request
"Hi team, Notifications show up twice and the badge count is wrong.",0,bug_report
"Hi team, Suggestion: allow scheduling reports from the checkout. Any update?",0,feature_request
Thanks in advance! Turn off auto-renew for my Pro plan.,0,cancellation
"Good morning, I need a copy of my receipt for the Team plan. Any update?",0,billing
Hope you can help. Turn off auto-renew for my Enterprise plan.,0,cancellation
"Hello, Where is my parcel? It was supposed to arrive 5 days ago.",0,shipping
NEED HELP IMMEDIATELY! THE COURIER MARKED MY ORDER AS DELIVERED BUT I GOT NOTHING. THANK YOU.,1,shipping
"Hello, Please cancel my Pro subscription effective immediately.",0,cancellation
"Good morning, I received a damaged item, the box was crushed. Thank you.",0,shipping
"Hi team, I want to stop my membership before the next renewal. Thnak you.",0,cancellation
"Hello, Turn off auto-renew for my Pro plan.",0,cancellation
"Hi team, Single sign-on keeps redirecting me back to the login screen. Any update?",0,login_access
Hope you can hlep. The dashboard page freezes and never finishes loading.,0,bug_report
"Hope you can help. I received a damaged item, the box was crushed. Any update?",0,shipping
"Hi team, Export to CSV produces an empty file. Any update?",0,bug_report
"Hello, Please add bulk editing to the settings.",0,feature_request
"Hi team, Why was my credit card billed after I downgraded to Basic?. Please advise.",0,billing
"Hello, My order has not arrived and tracking has not updated in 12 days. Thank you.",0,shipping
Hope you can help. Can you support exporting to PDF with custom branding?. Please advise.,0,feature_request
Thanks in advance! My account is locked after too many attempts.,0,login_access
"Hi team, Two-factor code is not working on my laptop. Please advise.",0,login_access
Hope you can help. Please add bulk editing to the billing page.,0,feature_request
"Need help immediately! My invoice shows the wrong amount, I need a refund for $19.99. Any update?",1,billing
"Good morning, Notifications show up twice and the badge count is wrong.",0,bug_report
"Hello, Why was my credit card billed after I downgraded to Starter?.",0,billing
Hope you can help. Where is my parcel? It was supposed to arrive 3 days ago.,0,shipping
NEED HELP IMMEDIATELY! IT WOULD BE GREAT TO HAVE A BILLING PAGE INTEGRATION WITH SLACK. ANY UPDATE?,1,feature_request
"Hi team, Please add bulk editing to the billing page.",0,feature_request
"Hello, I am switching providers, pelase terminate my contract. Thank you.",0,cancellation
"Good morning, Why was my credit card billed after I downgraded to Basic?.",0,billing
"Good morning, I am switching providers, please terminate my contract.",0,cancellation
ASAP. I need a copy of my receipt for the Pro plan.,1,billing
"Hello, Any plans for a native laptop app?. Any update?",0,feature_request
"Hlelo, I received a damaged item, the box was crushed.",0,shipping
"Good morning, Clicking save on the billing page throws an error 500. Please advies.",0,bug_report
"VERY FRUSTRATED, PELASE ADD BULK EDITING TO THE REPORT BUILDER. ANY UPDATE?",1,feature_request
"Hi team, Suggestion: allow scheduling reports from the dashboard.",0,feature_request
NEED HELP IMMEDIATELY! EXPORT TO CSV PRODUCES AN EMPTY FILE. PLEASE ADVISE.,1,bug_report
"Thanks in advance! I can't log in, the password reset email never arrvies. Please advise.",0,login_access
"Good morning, Getting 'access denied' when opening the profile paeg. Any update?",0,login_access
"Thanks in advance! The payment failed but mnoey left my account, please check the report builder.",0,billing
NEED HELP IMMEDIATELY! I WANT TO STOP MY MEMBERSHIP BEFORE THE NEXT RENEWAL.,1,cancellation
ASAP. I need a copy of my receipt for the Pro plan.,1,billing
URGENT!!! The checkout page freezes and never finishes loading.,1,bug_report
"Hi team, The courier marked my order as delivered but I got nothing. Any update?",0,shipping
URGENT!!! I NEED TO CHANGE THE DELIVERY ADDRESS FOR MY ORDER.,1,shipping
"Good morning, Export to CSV produces an empty file. Any update?",0,bug_report
This is unacceptable! My account is locked after too many attempts. Please advise.,1,login_access
"Very frustrated, The payment failed but money left my account, please chcek the report builder.",1,billing
"Hello, Single sign-on keeps redirecting me back to the login screen.",0,login_access
"Hi team, Clicking save on the dashboard throws an error 500.",0,bug_report
Thanks in advance! The courier marked my order as delivered but I got nothing. Thank you.,0,shipping
"Hi team, Getting 'access denied' when opening the dashboard page.",0,login_access
"Good morning, We would love an API endpoint for the report builder. Thank you.",0,feature_request
Hope you can help. It would be great to have a profile integration with Slack. Thank you.,0,feature_request
Thanks in advance! Two-factor code is not working on my iPad. Please advise.,0,login_access
Thanks in advance! Please add bulk editing to the profile.,0,feature_request
Hope you can help. There is an unexpected charge of $9.99 on my statement.,0,billing
"Hello, Two-factor code is not working on my iPhone. Please advise.",0,login_access
"VERY FRUSTRATED, I AM SWITCHING PROVIDERS, PLEASE TERMINATE MY CONTRACT. ANY UPDATE?",1,cancellation
Thanks in advance! We would love an API endpoint for the report builder.,0,feature_request
"URGENT!!! Cancel my order, I no longer need it. Thank you.",1,cancellation
"Hi team, The app crashes whenever I open the billing page on my iPhone.",0,bug_report
"VERY FRUSTRATED, I AM SWITCHING PROVIDERS, PLEASE TERMINATE MY CONTRACT. PLEASE ADVISE.",1,cancellation
Thanks in advance! The profile page freezes and never finishes loading. Please advise.,0,bug_report
"Very frustraetd, It would be great to have a dashboard integration with Slack.",1,feature_request
"Hi team, Can you support exporting to PDF with custom branding?. Thank you.",0,feature_request
"Hi team, Single sign-on keeps redirecting me back to the login screen. Thank you.",0,login_access
"VERY FRUSTRATED, I WANT TO STOP MY MEMBERSHIP BEFORE THE NEXT RENEWAL. ANY UPDATE?",1,cancellation
"Good monring, I was charged twice for my Entreprise subscription this month.",0,billing
"Hi team, Please cancel my Basic subscription effective immediately. Any updaet?",0,cancellation
"Good morning, I received a damaged item, the box was crushed. Thank you.",0,shipping
"Hi team, I can't log in, the password reset email never arrives.",0,login_access
Hope you can help. Single sign-on keeps redirecting me back to the login screen. Thnak you.,0,login_access
Hope you can help. Single sign-on keeps redirecting me back to the login screen.,0,login_access
"Hello, Any plans for a native Android phone app?.",0,feature_request
"Hello, My invoice shows the wrong amount, I need a refnud for $9.99. Any update?",0,billing
THIS IS UNACCEPTABLE! MY ACCONUT IS LOCKED AFTER TOO MANY ATTEMPTS. ANY UPDATE?,1,login_access
"Hi team, Why was my credit card billed after I downgraded to Pro?.",0,billing
"Very frustrated, I received a damaged item, the box was crushed.",1,shipping
"Hi team, How do I close my account and delete my data?.",0,cancellation
Hope you can help. I was charged twice for my Team subscription this month.,0,billing
ASAP. Suggsetion: allow scheduling reports from the billing page. Any update?,1,feature_request
"Hello, Suggestion: allow scheduling reports from the checkout. Any update?",0,feature_request
"Hi team, The courier marked my order as delivered but I got nothing.",0,shipping
ASAP. Turn off auto-renew for my Enterprise plan.,1,cancellation
Thanks in advance! My order has not arrived and tracking has not updated in 10 days.,0,shipping
"Hello, Getting 'access denied' when opening the checkout page. Please advise.",0,login_access
Hope you can help. Suggestion: allow scheduling reports from the settings.,0,feature_request
"VERY FRUSTRATED, THE COURIER MARKED MY ORDER AS DELIVERED BUT I GOT NOTHING.",1,shipping
"Hello, My invoice shows the wrong amount, I need a refund for $120.50.",0,billing
Thanks in advance! My order has not arrived and tracking has not updated in 5 days. Please advise.,0,shipping
"Thanks in advance! I am switching providers, please terminate my contract.",0,cancellation
Thanks in advance! Any plans for a native laptop app?.,0,feature_request
"Hi team, Dark mode makes the text unreadable in the settings.",0,bug_report
Hope you can help. Please add bulk editing to the report builder. Please advise.,0,feature_request
Hope you can help. Any plans for a native Android phone app?.,0,feature_request
"THIS IS UNACCEPTABLE! I AM SWITCHING PROVIDERS, PLEASE TERMINATE MY CONTRACT. ANY UPDATE?",1,cancellation
"Good morning, The courier marked my odrer as delivered but I got nothing.",0,shipping
Thanks in advance! My order has not arrived and tracking has not updated in 7 dyas.,0,shipping
"Hope you can help. The payment failed but money left my account, please check the dashboard. Thank you.",0,billing
"Hello, I need a copy of my receipt for the Team plan. Please advise.",0,billing
NEED HELP IMMDEIATELY! THE PACKAGE WAS DELIVERED TO THE WRONG ADDRESS.,1,shipping
"Hello, I want to stop my membreship before the next renewal.",0,cancellation
NEED HELP IMMEDIATELY! THE DASHBOARD PAGE FREEZES AND NEVER FINISHES LOADING.,1,bug_report
Thanks in advance! Clicking save on the dashboard throws an error 500. Please advise.,0,bug_report
"Hello, I forgot my username and the recovery link is broken.",0,login_access
Need help immediately! Can you support exporting to PDF with custom branding?. Any update?,1,feature_request
Thanks in advance! Why was my credit card billed after I downgraded to Team?. Please advise.,0,billing
"Hello, Any plans for a native Windows PC app?. Any update?",0,feature_request
"Hello, The payment failed but money left my account, please check the profile.",0,billing
"Good morning, I received a damaged item, the box was crushed. Thank you.",0,shipping
"Hi team, There is an unexpected charge of $19.99 on my statement. Thank you.",0,billing
ASAP. CLICKING SAVE ON THE BILLING PAGE THROWS AN ERROR 500. PLEASE ADVISE.,1,bug_report
URGENT!!! There is an unexpected charge of $19.99 on my statement.,1,billing
"Good morning, I was charged twice for my Pro subscription this month.",0,billing
Hope you can help. The courier marked my order as delivered but I got nothing.,0,shipping
"Good morning, I need to change the delivery address for my order.",0,shipping
Thanks in advanec! The app crashes whenever I open the report builder on my Windows PC. Any update?,0,bug_report
"Good morning, My invoice shows the wrong amount, I need a refund for $299.",0,billing
"Good morning, The dashboard page freezes and never finishes loading. Any update?",0,bug_report
Hope you can help. Why was my crdeit card billed after I downgraded to Enterprise?.,0,billing
Hope you can help. There is an unexpected charge of $299 on my statement. Thank you.,0,billing
NEED HELP IMMEDIATELY! I FORGOT MY USERNAME AND THE RECOVERY LINK IS BROKEN.,1,login_access
"Hi team, Where is my parcel? It was supposed to arrive 5 days ago.",0,shipping
Need help immediately! Where is my parcel? It was supposed to arrive 10 days ago. Thank you.,1,shipping
Hope you can help. I forgot my username and the recovery link is broken.,0,login_access
"Good morning, There is an unexpected charge of $9.99 on my statement. Please advise.",0,billing
"Very frustrated, The payment failed but money left my account, please check the dashboard. Any update?",1,billing
Hope you can help. Getting 'access denied' when opening the profile page. Any update?,0,login_access
"Hello, I was charged twice for my Basic subscription this month. Please advise.",0,billing
"Very frustrated, I forgot my username and the recovery link is broken. Any update?",1,login_access
"Hello, How do I close my account and delete my data?. Thank you.",0,cancellation
"Thanks in advance! Cancel my order, I no longer need it. Thank you.",0,cancellation
"Good morning, Why was my credit card billed after I downgraded to Basic?.",0,billing
Thanks in advance! Any plans for a native iPad app?. Please advise.,0,feature_request
"Hi team, Where is my parcel? It was supposed to arrive 10 days ago.",0,shipping
"Hello, The courier marked my order as delivered but I got nothing. Thank you.",0,shipping
"VERY FRUSTRATED, I WANT TO STOP MY MEMBERSHIP BEFORE THE NEXT RENEWAL. PLEASE ADVISE.",1,cancellation
Need help immediately! I forgot my username and the recovery link is broken. Thank you.,1,login_access
ASAP. CLICKING SAVE ON THE SETTINGS THROWS AN ERROR 500. ANY UPDATE?,1,bug_report
"Hope you can help. The payment failed but money left my account, please check the profile.",0,billing
Thanks in advance! Gettnig 'access denied' when opening the settings page.,0,login_access
URGENT!!! Clicking save on the billing page throws an error 500. Please advise.,1,bug_report
"Hello, I forgot my username and the recovery link is broken.",0,login_access
THIS IS UNACCEPTABLE! THE COURIER MARKED MY ORDER AS DELIVERED BUT I GOT NOTHING. ANY UPDATE?,1,shipping
"Hi team, I need to change the delivery address for my order.",0,shipping
"Very frustrated, I forgot my username and the recovery link is broken. Any update?",1,login_access
"VERY FRUSTRATED, I WAS CHARGED TWICE FOR MY BASIC SUBSCRIPTION THIS MONTH.",1,billing
"Hope you can help. I received a damaged item, the box was crushed.",0,shipping
"Hello, Getting 'access denied' when opening the settings paeg. Thank you.",0,login_access
Thanks in advance! It would be great to have a billing page integration with Slack. Any update?,0,feature_request
"Thanks in advance! The payment failed but money left my account, please check the billing page.",0,billing
Hope you can help. Where is my parcel? It was supposed to arrive 12 days ago.,0,shipping
"Hello, I receievd a damaged item, the box was crushed.",0,shipping
"Very frustrated, Getting 'access denied' when opening the checkout page. Any update?",1,login_access
"Thanks in adavnce! The payment failed but money left my account, please check the dashboard.",0,billing
"Hello, Export to CSV produces an empty file. Thank you.",0,bug_report
"Good morning, Two-factor code is not working on my iPhone. Please advise.",0,login_access
"NEED HELP IMMEDIATELY! MY INVOICE SHOWS THE WRONG AMOUNT, I NEED A RFEUND FOR $299.",1,billing
"Hi team, The app crashes whenever I open the billing page on my laptop. Any update?",0,bug_report
"VERY FRUSTRATED, I RECEIVED A DAMAGED ITEM, THE BOX WAS CRUSHED. PLEASE ADVISE.",1,shipping
Hope you can help. The app crashes whenever I open the prfoile on my Windows PC.,0,bug_report
"Hello, The package was delivered to the wrong address.",0,shipping
"Hello, I need to change the delivery address for my order.",0,shipping
"Good morning, Export to CSV produces an empty file.",0,bug_report
Thanks in advance! Any plans for a native iPhone app?. Any update?,0,feature_request
"URGENT!!! I RECEIVED A DAMAGED ITEM, THE BOX WAS CRUSHED. ANY UPDATE?",1,shipping
"Hi team, I need to change the delivery address for my order. Please advise.",0,shipping
Thanks in advance! Why was my credit card billed after I downgraded to Por?. Thank you.,0,billing
"Hello, I forgot my username and the reocvery link is broken.",0,login_access
"Need help immediately! Cancel my order, I no longer need it. Please advise.",1,cancellation
"Good morning, Please cancel my Team subscription effective immediately. Please advise.",0,cancellation
Thanks in advance! I want to stop my membership before the next renewal.,0,cancellation
"Hi team, Why was my credit card billed after I downgraded to Basic?. Thank you.",0,billing
Hope you can help. Suggestion: allow scheduling reports from the profile. Thank you.,0,feature_request
Thanks in advance! The courier marked my order as delivered but I got nothing.,0,shipping
"This is unacceptable! I can't log in, the password reset email never arrives. Any update?",1,login_access
URGENT!!! I FORGOT MY USERNAME AND THE RECOVERY LINK IS BROKEN. PELASE ADVISE.,1,login_access
"Very frustrated, I forgot my username and the recovery link is broken.",1,login_access
"Hope you can help. I can't log in, the password rseet email never arrives. Thank you.",0,login_access
"Hope you can help. Cancel my order, I no longer need it.",0,cancellation
"Hope you can help. Cancel my order, I no longer need it. Please advise.",0,cancellation
This is unacceptable! Single sign-on keeps redirecting me back to the login screen.,1,login_access
Need help immediately! The courier marked my order as delivered but I got nothing.,1,shipping
Hope you can help. We would love an API endpoint for the dashboard. Any update?,0,feature_request
"Hello, My invoice shows the wrnog amount, I need a refund for $19.99.",0,billing
Thanks in advance! It would be great to have a settings integration with Slack.,0,feature_request
Hope you can help. The profile page freezes and never finishes loadnig. Thank you.,0,bug_report
Hope you can help. I need to change the delievry address for my order.,0,shipping
"Good morning, Please add bulk editing to the dashboard.",0,feature_request
Thanks in advance! Why was my credit card billed after I downgraded to Pro?. Thank you.,0,billing
"Hello, I am switching providers, please terminate my contract.",0,cancellation
"Hello, I was charged twice for my Enterprise subscription this month. Thank you.",0,billing
Thanks in advance! Please add bulk editing to the settings. Please advise.,0,feature_request
URGENT!!! I was charged twice for my Basic subscription this month. Any update?,1,billing
"Hi team, I can't log in, the password reset email never arrives. Please advise.",0,login_access
THIS IS UNACCEPTABLE! NOTIFICATIONS SHOW UP TWICE AND THE BADGE COUNT IS WRONG. PLEASE ADVISE.,1,bug_report
"Good morning, Can you support exporting to PDF with custom branding?.",0,feature_request
"Hi team, There is an unexpected charge of $9.99 on my statement. Thank you.",0,billing
NEED HELP IMMEDIATELY! CAN YOU SUPPORT EXPORTING TO PDF WITH CUSTOM BRANDING?.,1,feature_request
Thanks in advance! Where is my parcel? It was supposed to arrive 12 days ago. Thank you.,0,shipping
Hope you can help. Where is my parcel? It was supposed to arrive 5 days ago. Any update?,0,shipping
"This is unacceptable! I received a damaged item, the box was crushed.",1,shipping
"Hello, It would be great to have a checkout integration with Slack.",0,feature_request
"Very frustrated, I forgot my username and the recovery link is broken. Thank you.",1,login_access
"Hi team, I am switching providers, please terminate my contract.",0,cancellation
THIS IS UNACCEPTABLE! PLEASE CANCEL MY TEAM SUBSCRIPTION EFFECTIVE IMMEDIATELY.,1,cancellation
"VERY FRUSTRATED, MY ORDER HAS NOT ARRIVED AND TRCAKING HAS NOT UPDATED IN 3 DAYS.",1,shipping
Thanks in advance! My order has not arrived and tracking has not updated in 12 days.,0,shipping
"This is unacceptable! I am switching providers, please terminate my contract.",1,cancellation
"Hello, I was charged twice for my Enterprise subscription this month. Any update?",0,billing
"Hi team, Getting 'access denied' when opening the settings page. Thank you.",0,login_access
"Good morning, The courier marked my order as delivered but I got nothing.",0,shipping
"VERY FRUSTRATED, NOTIFICATIONS SHOW UP TWICE AND THE BADGE COUNT IS WRONG. THANK YOU.",1,bug_report
Thanks in advance! Dark mode makes the text unreadable in the dashboard. Please advise.,0,bug_report
Hope you can help. Turn off auto-renew for my Pro plan. Any update?,0,cancellation
"Hi team, Any plans for a native iPad app?. Please advise.",0,feature_request
ASAP. The package was delivered to the wrong address. Thank you.,1,shipping
Thanks in advance! It wolud be great to have a report builder integration with Slack.,0,feature_request
Thanks in advance! Two-factor code is not working on my iPad.,0,login_access
"Thanks in advance! The payment failed but money left my account, please check the dashboard.",0,billing
"Hello, Cancel my order, I no longer need it. Thank you.",0,cancellation
Hope you can help. We would love an API endpoint for the billing page. Thank you.,0,feature_request
"Very frustrated, Why was my credit card billed after I downgraded to Pro?.",1,billing
"Good morning, My invoice shows the wrong amount, I need a refund for $120.50. Any update?",0,billing
Need help immediately! Plaese cancel my Basic subscription effective immediately.,1,cancellation
"Thanks in advance! I can't log in, the password reset email never arrives. Any update?",0,login_access
"Hello, Getting 'access denied' when opening the billing page page. Any update?",0,login_access
"Hi team, My invoice shows the wrong amount, I need a refund for $9.99. Thank you.",0,billing
"Good morning, I forgot my username and the recovery link is broken.",0,login_access
Thanks in advance! I was charged twice for my Pro subscription this month.,0,billing
"Hello, I forgot my username and the recovery link is broken. Thank you.",0,login_access
ASAP. THE COURIER MARKED MY ORDER AS DELIVERED BUT I GOT NOTHING.,1,shipping
"Good morning, Getting 'access denied' when opening the checkout page. Please advise.",0,login_access
"Hi taem, I was charged twice for my Enterprise subscription this month. Please advise.",0,billing
"Hello, Suggestion: allow scheduling reoprts from the checkout.",0,feature_request
"Hello, The billing page page freezes and never finishes loading.",0,bug_report
"Hello, Notifications show up twice and the badge count is wrong.",0,bug_report
URGENT!!! I was charged twice for my Team subscription this monht.,1,billing
ASAP. I need a copy of my receipt for the Basic plan. Any upadte?,1,billing
"Hi team, I am switching providers, please terminate my contract. Any update?",0,cancellation
ASAP. There is an unexpected charge of $120.50 on my statement.,1,billing
Hope you can help. There is an unexpected charge of $49 on my statement.,0,billing
URGENT!!! DARK MODE MAKES THE TEXT UNREADABLE IN THE BILLING PAGE. THANK YOU.,1,bug_report
Thanks in advance! I was charged twice for my Starter subscription this month. Please advise.,0,billing
"Hi team, I was charged twice for my Basic subscription this month. Please advise.",0,billing
"Good morning, Dark mode makes the text unreadable in the checkout. Any update?",0,bug_report
"Good morning, My order has not arrived and tracking has not updated in 12 days.",0,shipping
Thanks in advance! Turn off auto-renew for my Basic plan. Plesae advise.,0,cancellation
"URGENT!!! I can't log in, the password reset email never arrives. Any update?",1,login_access
Thanks in advance! Notifications show up tiwce and the badge count is wrong. Any update?,0,bug_report
URGENT!!! THE PACKAGE WAS DELIVERED TO THE WRONG ADDRESS.,1,shipping
THIS IS UNACCEPTABLE! ANY PLANS FOR A NATIVE LAPTOP APP?. ANY UPDATE?,1,feature_request
ASAP. PLEASE CANCEL MY TEAM SUBSCRIPTION EFFECTIVE IMMEDIATELY. PLEASE ADVISE.,1,cancellation
"Hello, The payment failed but money left my account, please check the checkout. Thank you.",0,billing
"Good morning, My account is locked after too many attempts.",0,login_access
ASAP. WHY WAS MY CREDIT CARD BILLED AFTER I DOWNGRADED TO ENTERPRISE?. ANY UDPATE?,1,billing
"Good morning, I can't log in, the password reset email never arrives.",0,login_access
URGENT!!! The courier marked my order as delivered but I got nothing. Any udpate?,1,shipping
"Hello, Turn off auto-renew for my Team plan. Please advise.",0,cancellation
Thanks in advance! Any plans for a native Android phone app?.,0,feature_request
"Hello, Getting 'access denied' when opening the report builder page.",0,login_access
"Hello, I want to stop my membership before the next renewal. Please advise.",0,cancellation
"Hello, Single sign-on keeps redirecting me back to the login screen.",0,login_access
"Hello, Any plans for a native Android phone app?. Thank you.",0,feature_request
Hope you can help. Turn off auto-renew for my Basic plan.,0,cancellation
Hope you can help. Please add bulk editing to the report builder.,0,feature_request
Hope you can help. Notifications show up twice and the badge count is wrong. Thank you.,0,bug_report
Thanks in advance! I want to stop my membership before the next renewal. Any update?,0,cancellation
"Good morning, There is an unexpected charge of $49 on my statement.",0,billing
"VERY FRUSTRATED, THE COURIER MARKED MY OREDR AS DELIVERED BUT I GOT NOTHING.",1,shipping
"Hi team, I need a copy of my receipt for the Team plan.",0,billing
"VERY FRUSTRATED, SINGLE SIGN-ON KEEPS REDIRECTING ME BACK TO THE LOGIN SCREEN.",1,login_access
"Hi team, Can you support exporting to PDF with custom branding?. Please advise.",0,feature_request
Hope you can help. I want to stop my membership before the next renewal.,0,cancellation
Need help immediately! I was charged twice for my Team subscription this month.,1,billing
This is unacceptable! It would be great to have a dashboard integration with Slack. Any update?,1,feature_request
THIS IS UNACCEPTABLE! THERE IS AN UNEXPECTED CHARGE OF $49 ON MY STATEMENT.,1,billing
"Hello, It would be great to have a report builder integration with Slack. Thank you.",0,feature_request
Hope you can hlep. It wuold be great to have a settings integration with Slack. Please advise.,0,feature_request
Thanks in advance! Please add bulk editing to the dashboard.,0,feature_request
"Good morning, How do I close my account and delete my data?. Please advise.",0,cancellation
Hope you can help. The settings page freezes and never finishes loading.,0,bug_report
Hope you can help. Any plans for a native Android phone app?. Any update?,0,feature_request
Hope you can help. Where is my parcel? It was supposed to arrive 7 days ago. Any upadte?,0,shipping
THIS IS UNACCEPTABLE! I WAS CHARGED TWICE FOR MY BASIC SUBSCRIPTION THIS MONTH.,1,billing
"Hello, There is an unexpected charge of $299 on my statement.",0,billing
This is unacceptable! Why was my credit card billed after I downgraedd to Basic?.,1,billing
"Hello, Why was my credit card billed after I downgraded to Starter?. Please advise.",0,billing
"Very frustrated, We would love an API endpoint for the settings.",1,feature_request
THIS IS UNACCEPTABLE! I NEED A COPY OF MY RECEIPT FOR THE STARTER PLAN. ANY UPDATE?,1,billing
"Hello, I can't log in, the password reset email never arrives.",0,login_access
Thanks in advance! There is an unexpected charge of $19.99 on my statement. Please advise.,0,billing
ASAP. ANY PLANS FOR A NATIVE WINDOWS PC APP?. PLEASE ADVISE.,1,feature_request
"Hello, The package was delivered to the wrong address.",0,shipping
"Hello, Turn off auto-renew for my Team plan. Please advise.",0,cancellation
"Thanks in advance! Cancel my order, I no longer need it.",0,cancellation
"Hi team, It would be great to have a profile integration with Slack. Any update?",0,feature_request
"Hope you can help. My invoice shows the wrong amount, I need a refund for $299.",0,billing
"Hi team, I was charged twice for my Enterprise subscription this month. Any update?",0,billing
Thanks in advance! Export to CSV produces an empty file.,0,bug_report
Thanks in advance! Getting 'access denied' when opening the checkout page. Any update?,0,login_access
"Good morning, My invoice shows the wrong amount, I need a refund for $299. Any update?",0,billing
"Hi team, The payment failed but money left my account, please check the billing page.",0,billing
Thanks in advance! Suggestion: allow scheduling reports from the report builder.,0,feature_request
"Hello, How do I close my account and delete my data?. Any update?",0,cancellation
ASAP. Getting 'access denied' when opening the profile page.,1,login_access
Hope you can help. Two-factor code is not working on my Android phone. Thank you.,0,login_access
Thanks in advance! Notifications show up twice and the badge count is wrong. Please advise.,0,bug_report
Thanks in advance! My order has not arrived and tracking has not updated in 12 days.,0,shipping
Need help immediately! The app crashes whenever I open the profile on my iPad.,1,bug_report
"URGENT!!! CANCEL MY ORDER, I NO LONGER NEED IT. THANK YOU.",1,cancellation
"Hello, There is an unexpected charge of $299 on my statement. Any update?",0,billing
"Hello, Why was my credit card billed after I downgraded to Basic?.",0,billing
ASAP. SUGGESTION: ALLOW SCHEDULING REPORTS FROM THE BILLING PAGE. PLEASE ADVISE.,1,feature_request
"Hello, Getting 'access denied' when opening the profile page.",0,login_access
Hope you can help. The courier marked my order as delivered but I got nothing.,0,shipping
"Hello, Notifications show up twice and the badge count is wrong. Please advise.",0,bug_report
"Hi tema, It would be great to have a dashboard integration with Slack.",0,feature_request
"VERY FRUSTRATED, I NEED TO CHANGE THE DELIVERY ADDRESS FOR MY ORDER.",1,shipping
"Very frustrated, My invoice shows the wrong amount, I need a refund for $19.99. Any upadte?",1,billing
"Good morning, My order has not arrived and tracking has not updated in 7 days.",0,shipping
"Good morning, The app crashes whenever I open the dashboard on my iPhone. Please advise.",0,bug_report
"Hi team, Single sign-on keeps redirecting me back to the login screen. Please advise.",0,login_access
"Hello, The courier marked my order as delivered but I got nothing. Thank you.",0,shipping
ASAP. My order has not arrived and tracking has not udpated in 10 days. Please advise.,1,shipping
THIS IS UNACCEPTABLE! I NEED A COPY OF MY RECEIPT FOR THE BAISC PLAN. ANY UPDATE?,1,billing
"Hi tema, My account is locked after too many attempts. Any update?",0,login_access
Hope you can help. I need a copy of my receipt for the Team plan. Any update?,0,billing
"Good morning, I forgot my username and the recovery link is broken. Thank you.",0,login_access
Hope you can help. The package was delivered to the wrong address.,0,shipping
Hope you can help. I need to change the delivery address for my order.,0,shipping
"Hello, Any plans for a native iPad app?.",0,feature_request
"Good morning, Dark mode makes the text unreadable in the billing page.",0,bug_report
"Hi team, It would be great to have a dashboard integration with Slack.",0,feature_request
Thanks in advance! Turn off auto-renew for my Pro plan.,0,cancellation
"Thanks in advance! Cancel my order, I no logner need it. Please advise.",0,cancellation
"Hope you can help. Cancel my order, I no longer need it. Any update?",0,cancellation
Hope you can help. Single sign-on keeps redirecting me back to the login screen.,0,login_access
Thanks in advance! Notifications show up twice and the badge count is wrong.,0,bug_report
"ASAP. My invoice shows the wrong amount, I need a refund for $9.99.",1,billing
"Good morning, My invoice shows the wrong amount, I need a refund for $120.50.",0,billing
"Thanks in advance! Cancel my order, I no longer need it. Thank you.",0,cancellation
URGENT!!! Why was my credit card billed after I downgraded to Basic?. Any update?,1,billing
Need help immediately! Any plans for a native iPad ap?p.,1,feature_request
"VERY FRUSTRATED, MY OREDR HAS NOT ARRIVED AND TRACKING HAS NOT UPDATED IN 12 DAYS. PLEASE ADVISE.",1,shipping
ASAP. I was charged twice for my Pro subscription this month.,1,billing
"Good morning, My account is locked after too many attempts.",0,login_access
Thanks in advance! Getting 'access denied' when opening the report builder page.,0,login_access
"This is unacceptable! The payment failed but money left my account, please check the dashboard.",1,billing
"Hello, Cancel my order, I no longer need it. Any update?",0,cancellation
Thanks in advance! We would love an API endpoint for the profile. Any update?,0,feature_request
"Good morning, I am switching providers, please terminate my contract.",0,cancellation
"Good morning, I need a copy of my receipt for the Enterprise plan. Please advise.",0,billing
Hope you can help. I want to stop my membership before the next renewal. Thank you.,0,cancellation
"Good morinng, I was charged twice for my Team subscription this month.",0,billing
"VERY FRUSTRATED, TURN OFF AUTO-RENEW FOR MY ENTERPRISE PLAN.",1,cancellation
Hope you can help. I want to stop my membership before the next renewal. Any update?,0,cancellation
"Good morning, Getting 'access denied' when opening the billing page page.",0,login_access
"Good morning, We would love an API endpoint for the checkout.",0,feature_request
"Hello, My account is locked after too many attempts.",0,login_access
NEED HELP IMMEDIATELY! THE PACKAGE WAS DELIVERED TO THE WRONG ADDRESS.,1,shipping
"Good morning, I am switching providers, please terminate my contract.",0,cancellation
URGENT!!! There is an unexpected charge of $19.99 on my statement.,1,billing
Hope you can help. My order has not arrived and tracking has not updated in 7 days.,0,shipping
"Good morning, Dark mode makes the text unreadable in the settings. Please advise.",0,bug_report
Thanks in advance! Export to CSV produces an empty file. Any update?,0,bug_report
URGENT!!! WHERE IS MY PARCEL? IT WAS SUPPOSED TO ARRIVE 10 DAYS AGO.,1,shipping
"Very frustrated, I was charged twice for my Enterpirse subscription this month. Any update?",1,billing
THIS IS UNACCEPTABLE! PLEASE ADD BULK EDITING TO THE BILLING PAGE.,1,feature_request
"Good morning, My order has not arrived and tracking has not updated in 3 days.",0,shipping
Hope you can help. Two-factor code is not working on my iPhoen. Please advise.,0,login_access
Thanks in advance! My order has not arrived and tracking has not updated in 10 days. Thank you.,0,shipping
"VERY FRUSTRATED, HOW DO I CLOSE MY ACCOUNT AND DELETE MY DATA?.",1,cancellation
Thanks in advance! The dashboard page freezes and never finishes loading. Thank you.,0,bug_report
URGENT!!! We would love an API endpoint for the settings. Please advise.,1,feature_request
"Hi team, I forgot my username and the recovery link is broken. Thank you.",0,login_access
"VERY FRUSTRATED, PLEASE CANCEL MY BAISC SUBSCRIPTION EFFECTIVE IMMEDIATELY. THANK YOU.",1,cancellation
"Good morning, Please cancel my Basic subscription effective immediately. Thank you.",0,cancellation
URGENT!!! Single sign-on keeps redirecting me back to the login screen.,1,login_access
This is unacceptable! Notifications show up twice and the badge count is wrong. Any update?,1,bug_report
"Hello, I forgot my username and the recovery link is broken.",0,login_access
"Hi team, I need a copy of my receipt for the Pro plan.",0,billing
Thanks in advance! Please cancel my Enterprise subscription effective immediately.,0,cancellation
Thanks in advance! My order has not arrived and tracking has not updated in 12 dyas.,0,shipping
Hope you can help. I was charged twice for my Starter subscription this month. Please advise.,0,billing
"Hi team, Where is my parcel? It was supposed to arrive 12 days ago. Thank you.",0,shipping
Need help immediately! Turn off auto-renew for my Team plan. Any update?,1,cancellation
URGENT!!! Two-factor code is not working on my laptop. Please advise.,1,login_access
"Thanks in advance! I received a damaged item, the box was crushed. Please advise.",0,shipping
Thanks in advance! Notifications show up twice and the badge count is wrong.,0,bug_report
"Hi team, We would love an API endpoint for the stetings.",0,feature_request
"Thanks in advance! The payment failed but money left my account, please check the profile.",0,billing
"Good morning, Can you support exporting to PDF with custom branding?. Thnak you.",0,feature_request
Need help immediately! The app crashes whenever I open the dashboard on my Android phone. Any update?,1,bug_report
"THIS IS UNACCEPTABLE! I RECEIVED A DAMAGED ITEM, THE BOX WAS CRUSHED. PLEASE ADVISE.",1,shipping
"Hi team, It would be great to have a checkout integration with Slcak.",0,feature_request
ASAP. There is an unexpected charge of $9.99 on my statement. Please advise.,1,billing
"Very frustrated, Why was my credit card billed after I downgraedd to Pro?. Thank you.",1,billing
"Good morning, Dark mode makes the text unreadable in the rpeort builder. Thank you.",0,bug_report
"Hello, The payment failed but money left my account, please check the billing page.",0,billing
"Hello, My order has not arrived and tracking has not updated in 5 days. Any update?",0,shipping
URGENT!!! Export to CSV produces an empty file.,1,bug_report
"Very frustrated, Please cancel my Enterprise subscription effective immediately. Please advise.",1,cancellation
"Hi team, I am switching providers, please terminate my contract.",0,cancellation
Hope you can help. Can you support exporting to PDF with custom brandign?. Please advise.,0,feature_request
"Good morning, It would be great to have a dashboard integration with Slack. Thank you.",0,feature_request
"Hi team, Turn off auto-renew for my Basic plan.",0,cancellation
Thanks in advance! My order has not arrived and tracking has not updated in 7 days. Please advise.,0,shipping
"Hi team, I was charegd twice for my Team subscription this month. Thank you.",0,billing
"Good mroning, Getting 'access denied' when opening the checkout page.",0,login_access
"Hi team, My account is locked after too many attempts.",0,login_access
"ASAP. My invoice shows the wrong amount, I need a refund for $120.50.",1,billing
Thanks in advance! Export to CSV produces an empty file.,0,bug_report
URGENT!!! The courier marked my order as delivered but I got nothing.,1,shipping
ASAP. I was charged twice for my Pro subscription this month. Please advise.,1,billing
Hope you can help. The package was delivered to the wrong adderss. Thank you.,0,shipping
Thanks in advance! I want to stop my membership before the next renewal.,0,cancellation
"Hello, Any plans for a native iPad app?.",0,feature_request
Hope you can help. Notifications show up twice and the bdage count is wrong. Please advise.,0,bug_report
Thanks in advance! The app crashes whenever I open the dashboard on my iPhone. Please advise.,0,bug_report
"Hi team, I can't log in, the password reset email never arrives.",0,login_access
Thanks in advance! The courier marked my order as delivered but I got nothing. Thank you.,0,shipping
"Hi team, Single sign-on keeps redirecting me back to the login screen. Any update?",0,login_access
THIS IS UNACCEPTABLE! THE PACKAGE WAS DELIVERED TO THE WRONG ADDRESS.,1,shipping
Need help immediately! Any plans for a native laptop app?. Any update?,1,feature_request
THIS IS UNACCEPTABLE! THE CHECKOUT PAGE FREEZES AND NEVER FINISHES LOADING.,1,bug_report
Hope you can help. The app crashes whenever I open the settings on my iPhone.,0,bug_report
"URGENT!!! I CAN'T LOG IN, THE PASSWORD RESET EMAIL NEVER ARRIVES. THANK YOU.",1,login_access
ASAP. MY ACCOUNT IS LOCKED AFTER TOO MANY ATTEMPTS. THANK YOU.,1,login_access
"THIS IS UNACCEPTABLE! MY INVOICE SHOWS THE WRONG AMOUNT, I NEED A REFUND FOR $19.99.",1,billing
"Hi team, Export to CSV produces an empty file. Thank you.",0,bug_report
"URGENT!!! I can't log in, the password reset email never arirves. Please advise.",1,login_access
"Hi team, Two-factor code is not working on my Windows PC.",0,login_access
"Hi team, We would love an API endpoint for the settings.",0,feature_request
"Hi team, Any plans for a native Windows PC ap?p.",0,feature_request
"Hi team, Two-factor code is not working on my Windows PC.",0,login_access
URGENT!!! TURN OFF AUTO-RENEW FOR MY ENTERPRISE PLAN. ANY UPDATE?,1,cancellation
Thanks in advance! Where is my parcel? It was supposed to arrive 3 days ago.,0,shipping
"Hi team, The package was delivered to the wrong address. Please advise.",0,shipping
Thanks in advance! We would love an API endpoint for the settings. Thank you.,0,feature_request
Thanks in advance! The billing page page freezes and never finishes loading.,0,bug_report
"Hi team, Dark mode maeks the text unreadable in the profile. Any update?",0,bug_report
"Thanks in advance! The payment failed but money left my account, please check the settings. Thank you.",0,billing
"VERY FRUSTRATED, SINGLE SIGN-ON KEPES REDIRECTING ME BACK TO THE LOGIN SCREEN. ANY UPDATE?",1,login_access
URGENT!!! ANY PLANS FOR A NATVIE IPAD APP?.,1,feature_request
"Good morning, How do I close my account and delete my data?.",0,cancellation
"Hope you can help. My invoice shows the wrong amount, I need a refund for $9.99.",0,billing
"Hello, Clicking save on the dashboard throws an error 500. Please advise.",0,bug_report
"VERY FRUSTRATED, I FORGOT MY USERNAME AND THE RECOVERY LINK IS BROKEN. THANK YOU.",1,login_access
This is unacceptable! Getting 'access denied' when opening the billing page page.,1,login_access
Thanks in advance! It would be great to have a billing page integration with Slack.,0,feature_request
Hope you can help. Dark mode makes the text unreadable in the checkout.,0,bug_report
Thanks in advance! Clicking save on the report builder throws an error 500.,0,bug_report
URGENT!!! Two-factor code is not working on my iPhone. Please advise.,1,login_access
Thanks in advance! Two-factor code is not working on my iPhone. Please advise.,0,login_access
Hope you can help. Please cancel my Enterprise subscription effective immediately.,0,cancellation
URGENT!!! How do I close my acocunt and delete my data?. Please advise.,1,cancellation
"Good morning, Any plans for a native iPhone app?. Please advise.",0,feature_request
Hope you can help. It would be great to have a dashboard integration with Slack.,0,feature_request
"Good morning, Where is my parcel? It was supposed to arrive 7 days ago. Any update?",0,shipping
"Good morning, I am switching providers, please terminate my contract. Please advise.",0,cancellation
URGENT!!! SUGGESTION: ALLOW SCHEDULING REPORTS FROM THE BILLING PAGE.,1,feature_request
ASAP. PLEASE ADD BULK EDITING TO THE REPORT BUILDER.,1,feature_request
ASAP. PLEASE CANCEL MY TEAM SUBSCRIPTION EFFECTIVE IMMEDIATELY.,1,cancellation
"URGENT!!! CANCEL MY ORDER, I NO LONGER NEED IT. THANK YOU.",1,cancellation
Hope you can hlep. Can you support exporting to PDF with custom branding?. Thank you.,0,feature_request
Hope you can help. We would love an API endpoint for the checkout. Thank you.,0,feature_request
"Hello, Suggestion: allow scheduling reports from the checkout. Thank you.",0,feature_request
"Hope you can help. I received a damaged item, the box was crushed.",0,shipping
"Hi team, Suggestion: allow scheduling reports from the settings.",0,feature_request
THIS IS UNACCEPTABLE! WHERE IS MY PARCEL? IT WAS SUPPOSED TO ARRIVE 7 DAYS AGO. THANK YOU.,1,shipping
Thanks in advance! Any plans for a native Android phone app?.,0,feature_request
Need help immediately! I want to stop my membership before the next renewal. Thank you.,1,cancellation
ASAP. Please cancel my Team subscription effective immediately. Any update?,1,cancellation
"VERY FRUSTRATED, PLEASE ADD BULK EDITING TO THE SETTINGS. ANY UPDATE?",1,feature_request
Thanks in advance! The profile page freezes and never finishes loading.,0,bug_report
"Hi team, There is an unexpected charge of $299 on my statement.",0,billing
Thanks in advance! The dashboard page freezes and never finishes loading.,0,bug_report
NEED HELP IMMEDIATELY! NOTIFICATIONS SHOW UP TWICE AND THE BADGE COUNT IS WRONG. PLEASE ADVISE.,1,bug_report
Thanks in advance! I need to change the delivery address for my order. Please advise.,0,shipping
"Good morning, Getting 'access denied' when opening the checkout page.",0,login_access
Thanks in advance! I want to stop my membership beofre the next renewal.,0,cancellation
Thanks in advance! The courier marked my order as delivered but I got nothing.,0,shipping
Thanks in advance! There is an unexpected charge of $120.50 on my statement.,0,billing
"VERY FRUSTRATED, I NEED A COPY OF MY REECIPT FOR THE ENTERPRISE PLAN. THANK YOU.",1,billing
"Hi team, The profile page freezes and never finishes loading. Please advise.",0,bug_report
Hope you can help. Clicking save on the checkout throws an error 500.,0,bug_report
"Good morning, Dark mode makes the text unreadable in the billing page. Please advise.",0,bug_report
"Hello, The app crashes whenever I open the report builder on my laptop.",0,bug_report
Hope you can help. We would love an API endpoint for the profile. Any update?,0,feature_request
"Very frustrated, I received a damaged ietm, the box was crushed.",1,shipping
"Hello, Suggestion: allow scheduling reports from the report builder.",0,feature_request
URGENT!!! Please add bulk editing to the dasbhoard. Any update?,1,feature_request
"Hello, My account is locked after too many attmepts.",0,login_access
"Hope you can help. Cancel my order, I no longer need it.",0,cancellation
"Hello, Why was my credit card billed after I downgraded to Starter?.",0,billing
URGENT!!! WHY WAS MY CREDIT CARD BILLED AFTER I DOWNGRADED TO STARTER?.,1,billing
Need help immediately! Notifications show up twice and the badge cuont is wrong. Thank you.,1,bug_report
NEED HELP IMMEDIATELY! CAN YOU SUPPORT EXPORTING TO PDF WITH CUSTOM BRANDING?.,1,feature_request
NEED HELP IMMEDIATELY! THE APP CRASHES WHENEVER I OPEN THE PROFILE ON MY IPAD.,1,bug_report
Hope you can help. Export to CSV produces an empty file. Please advise.,0,bug_report
"Hi team, How do I close my account and delete my data?. Any update?",0,cancellation
"Very frustrated, I can't log in, the password reset email never arrives.",1,login_access
URGENT!!! I NEED TO CHANGE THE DELIVERY ADDRESS FOR MY ORDER. THANK YOU.,1,shipping
"ASAP. Cancel my order, I no longer need it.",1,cancellation
"ASAP. I am switching providers, please terminate my contract. Any update?",1,cancellation
NEED HELP IMMEDIATELY! HOW DO I CLOSE MY ACCOUNT AND DELETE MY DATA?. PLEASE ADVISE.,1,cancellation
This is unacceptable! The pcakage was delivered to the wrong address. Thank you.,1,shipping
"Very frustrated, Two-factor code is not working on my iPad. Any update?",1,login_access
Hope you can help. Why was my credit card billed after I downgraded to Basic?.,0,billing
Thanks in advance! Please add bulk editing to the dashboard.,0,feature_request
ASAP. CLICKING SAVE ON THE BILLING PAGE THROWS AN ERROR 500. PLEASE ADVISE.,1,bug_report
"Hello, There is an unexpected charge of $9.99 on my statement.",0,billing
"Good morning, We would love an API endpoint for the settings. Thank you.",0,feature_request
Thanks in advance! Getting 'access denied' when opening the settings page. Please advise.,0,login_access
"Good morning, I need a copy of my receipt for the Pro plan.",0,billing
"Hope you can help. My invoice shows the wrong amount, I need a refund for $49.",0,billing
"Hi team, It would be great to have a checkout integration with Slack. Thank you.",0,feature_request
"Hi team, Export to CSV produces an empty file.",0,bug_report
"Hi team, I received a damaged item, the box was crushed. Please advise.",0,shipping
"Thanks in advance! I am switching providers, please terminate my contract. Thank you.",0,cancellation
"Hello, I want to stop my membership before the next renewal. Please advise.",0,cancellation
"Hi team, Notifications show up twice and the badge count is wrong.",0,bug_report
"Hi team, Export to CSV produces an empty file. Any update?",0,bug_report
"Hi team, Any plans for a naitve iPad app?. Please advise.",0,feature_request
ASAP. MY ORDER HAS NOT ARRIVED AND TRACKING HAS NOT UPDATED IN 12 DAYS.,1,shipping
"Good morning, Please add bulk editing to the billing page. Thank you.",0,feature_request
NEED HELP IMMEDIATELY! MY ACCOUNT IS LOCKED AFTER TOO MANY ATTEMPTS. THANK YOU.,1,login_access
ASAP. I NEED TO CHANGE THE DELIVERY ADDRESS FOR MY ORDER. THANK YOU.,1,shipping
"Hi team, My account is locked after too many attempts. Any update?",0,login_access
Hope you can help. My order has not arrived and tracking has not updated in 12 days.,0,shipping
Thanks in advance! Suggestion: allow scheduling reports from the profile. Any update?,0,feature_request
Thnaks in advance! Suggestion: allow scheduling reports from the profile. Please advise.,0,feature_request
"Hope you can help. I received a damaged item, the box was crushed.",0,shipping
Hope you can help. Why was my credit card billed after I downgraded to Basic?.,0,billing
Thanks in advance! Please cancel my Enterprise subscription effective immediately.,0,cancellation
"Good morning, Clicking save on the profile throws an error 500.",0,bug_report
ASAP. There is an unexpected charge of $9.99 on my statement. Any update?,1,billing
ASAP. PLEASE ADD BULK EDITING TO THE PROFILE. THANK YOU.,1,feature_request
"Hlelo, Please add bulk ediitng to the checkout.",0,feature_request
"Thanks in advance! I received a damaged itme, the box was crushed.",0,shipping
URGENT!!! Single sign-on keeps redirecting me back to the login screen.,1,login_access
"Hi team, The app crashes whenever I open the profile on my iPad. Please advise.",0,bug_report
"Hi team, We would love an API endponit for the profile. Please advise.",0,feature_request
URGENT!!! I was charged twice for my Basic subscription this month. Thank you.,1,billing
"Hi team, Turn off auto-renew for my Team plan.",0,cancellation
URGENT!!! My order has not arrived and tracking has not updated in 10 days. Any update?,1,shipping
"Good morning, Dark mode makes the text unreadable in the dashboard.",0,bug_report
This is unacceptable! Suggestion: allow scheduling reports from the billing page. Thank you.,1,feature_request
Tahnks in advance! Can you support exporting to PDF with custom branding?. Please advise.,0,feature_request
"Hi team, The package was delivered to the wrong address.",0,shipping
"Good morning, The app crashes whenever I open the settings on my iPad. Thank you.",0,bug_report
"URGENT!!! I CAN'T LOG IN, THE PASSWORD RESET EMAIL NEEVR ARRIVES. THANK YOU.",1,login_access
"Good morning, Clicking save on the report builder throws an error 500.",0,bug_report
NEED HELP IMMEDIATELY! EXPORT TO CSV PRODUCES AN EMPTY FILE.,1,bug_report
"Good morning, Clicking save on the report builder throws an error 500.",0,bug_report
"ASAP. I CAN'T LOG IN, THE PASSWORD RESET EMAIL NEVER ARRIVES. THANK YOU.",1,login_access
"Hello, Getting 'access denied' when opening the settigns page. Thank you.",0,login_access
"Hi team, Two-factor code is not working on my iPad. Please advise.",0,login_access
"Hello, There is an unexpected charge of $19.99 on my statement. Thank you.",0,billing
"Good morning, Two-factor code is not working on my laptop.",0,login_access
Thanks in advance! Please cancel my Team subscription effective immediately.,0,cancellation
Thanks in advance! Dark mode makes the text unreadable in the checkout. Please advise.,0,bug_report
THIS IS UNACCEPTABLE! THE DASHBOARD PAGE FREEZES AND NEVER FINISHES LOADING. ANY UPDATE?,1,bug_report
ASAP. TURN OFF AUTO-RENEW FOR MY ENTERPRISE PLAN.,1,cancellation
Thanks in advance! The coruier marked my order as delivered but I got nothing.,0,shipping
Hope you can help. I want to stop my membership before the next renewal. Any update?,0,cancellation
Hope you can help. Clicking save on the billing page throws an error 500. Thank you.,0,bug_report
"Hi tema, It would be great to have a dashboard integration with Slack. Please advise.",0,feature_request
ASAP. Clicking save on the checkout throws an error 500. Please advise.,1,bug_report
Hope you can hepl. The package was delivered to the wrong address. Any update?,0,shipping
"Good morning, My invoice shows the wrong amount, I need a refund for $299.",0,billing
Thanks in advance! Export to CSV produces an empty file. Please advise.,0,bug_report
Need help immediately! My account is locked after too many attempts.,1,login_access
Thanks in advance! The app crashes whenever I open the report builder on my laptop. Any update?,0,bug_report
"Hello, Export to CSV produces an empty file. Please advise.",0,bug_report
"Hi team, Can you support exporting to PDF with custom branding?. Please advise.",0,feature_request
Hope you can help. Suggestion: allow scheduling reports from the dashboard. Thank you.,0,feature_request
Hope you can help. Can you support exporting to PDF with custom branding?. Thank you.,0,feature_request
Thanks in advance! Dark mode makes the text unreadable in the settings.,0,bug_report
"Hi team, The app crashes whenever I open the dashboard on my iPad. Thnak you.",0,bug_report
Hope you can help. Export to CSV produces an empty file. Please advise.,0,bug_report
Thanks in advance! I need to change the delivery address for my order.,0,shipping
Hope you can help. I need to change the delivery address for my order. Please advise.,0,shipping
ASAP. Turn off auto-renew for my Pro plan.,1,cancellation
Thanks in advance! Dark mode makes the text urneadable in the report builder.,0,bug_report
NEED HELP IMMEDIATELY! WHY WAS MY CREDIT CARD BILLED AFTER I DOWNGRADED TO ENTERPRISE?. ANY UPDATE?,1,billing
NEED HELP IMMEDIATELY! TURN OFF ATUO-RENEW FOR MY ENTERPRISE PLAN.,1,cancellation
"Good morning, I want to stop my membership before the next renewal.",0,cancellation
Hope you can help. Export to CSV produces an empty file.,0,bug_report
Hope you can help. Please add bulk editing to the checkout.,0,feature_request
Hope you can help. It would be great to have a checkout integration with Slack. Any update?,0,feature_request
This is unacceptable! Two-factor code is not working on my iPhone. Any update?,1,login_access
"ASAP. I CAN'T LOG IN, THE PASSWORD RESET EMAIL NEVER ARRIVES.",1,login_access
"Good morning, Turn off auto-renew for my Team plan.",0,cancellation
Hope you can help. Single sign-on keeps redirecting me back to the login screen.,0,login_access
"Hi team, I was charged twice for my Enterprise subscription this month.",0,billing
Thanks in advance! Why was my credit card billed after I downgraded to Starter?.,0,billing
ASAP. WE WOULD LOVE AN API ENDPOINT FOR THE PROFILE. THANK YOU.,1,feature_request
Thanks in advance! Single sign-on keeps redirecting me back to the login screen. Any update?,0,login_access
"Very frustrated, The payment failed but money left my account, please check the settings. Thank you.",1,billing
"Hi team, I am switching providers, please terminate my contract. Thank you.",0,cancellation
"ASAP. The payment failed but money left my account, please check the settings.",1,billing
Hope you can help. The app crashes whenever I open the profile on my Android phone.,0,bug_report
"Hello, Please cancel my Basic susbcription effective immediately. Any update?",0,cancellation
"Hi team, I need to change the delivery address for my order. Any update?",0,shipping
"VERY FRUSTRATED, SUGGESTION: ALLOW SCHEDULING REPORTS FROM THE REPROT BUILDER.",1,feature_request
"Hello, I need to change the delivery address for my order. Any update?",0,shipping
"Hope you can help. I can't log in, the password reset email never arrives. Any update?",0,login_access
NEED HELP IMMEDIATELY! THERE IS AN UNEXPECTED CHARGE OF $19.99 ON MY STATEMENT. THANK YOU.,1,billing
"Good morning, Any plans for a native iPhone app?. Thank you.",0,feature_request
"Hi team, The courier marked my order as delivered but I got nothing.",0,shipping
Hope you can help. Notifications show up twice and the badge count is wrong. Any update?,0,bug_report
This is unacceptable! Clicking save on the report builder throws an error 500.,1,bug_report
"Hello, Why was my credit card billed after I downgraded to Pro?. Thank you.",0,billing
"Good morning, Why was my credit card billed after I downgraded to Basic?. Any update?",0,billing
"Hello, It would be great to have a dashboard integration with Slack. Any update?",0,feature_request
Hope you can help. My order has not arrived and tracikng has not updated in 7 days.,0,shipping
Hope you can help. Can you support exporting to PDF with custom branding?. Plesae advise.,0,feature_request
URGENT!!! The courier mraked my order as delivered but I got nothing. Any update?,1,shipping
"Hello, The payment failed but money left my account, please check the dashboard.",0,billing
"Good morning, I am switching providers, please terminate my contract.",0,cancellation
"Hello, Please add bulk editing to the profile. Thank you.",0,feature_request
"Hi team, I forgot my username and the recovery link is broken.",0,login_access
"NEED HELP IMMEDIATELY! CANCEL MY ORDER, I NO LONGER NEED IT. ANY UPDATE?",1,cancellation
URGENT!!! I want to stop my membership before the next renewal.,1,cancellation
"Hi team, I want to stop my membership before the next renewal.",0,cancellation
"Hi team, Dark mode makes the text unreadable in the billing page. Any upadte?",0,bug_report
Thanks in advance! We would love an API endpiont for the report builder.,0,feature_request
Hope you can help. Export to CSV produces an empty file.,0,bug_report
"Thanks in advance! I received a damaged ietm, the box was crushed. Please advise.",0,shipping
"Good morning, I forgot my username and the recovery link is broken. Thank you.",0,login_access
"Good morning, Why was my credit card billed after I downgraded to Basic?.",0,billing
"VERY FRUSTRATED, THE APP CRASHES WHENEVER I OPEN THE BILLING PAGE ON MY IPHONE. THANK YOU.",1,bug_report
"VERY FRUSTRATED, MY ACCOUNT IS LOCKED AFTER TOO MANY ATTEMPTS.",1,login_access
"Thanks in advance! I received a damaged item, the box was crushed.",0,shipping
"Hi team, Suggestion: allow scheduling reports from the report builder.",0,feature_request
This is unacceptable! I forgot my username and the recovery link is broken. Thank you.,1,login_access
Hope you can help. My account is locked after too many attempts.,0,login_access
Hope you can help. I want to stop my membership beofre the next renewal.,0,cancellation
ASAP. PLEASE CANCEL MY PRO SUBSCRIPTION EFEFCTIVE IMMEDIATELY.,1,cancellation
"Hello, Two-factor code is not working on my Android phone.",0,login_access
"Hello, I want to stop my membership before the next renewal.",0,cancellation
"Hi team, Suggestion: allow scheduling reports from the settings.",0,feature_request
NEED HELP IMMEDIATELY! MY ACCOUNT IS LOCKED AFTER TOO MANY ATTEMPTS. THANK YOU.,1,login_access
ASAP. Export to CSV produces an empty file.,1,bug_report
THIS IS UNACCEPTABLE! IT WOULD BE GREAT TO HAVE A PROFILE INTEGRATION WITH SLACK. PLEASE ADVISE.,1,feature_request
"VERY FRUSTRATED, THE PACKAGE WAS DELIVERED TO THE WRONG ADDRESS. ANY UPDATE?",1,shipping
"Hello, Suggestion: allow scheduling reports from the dashboard.",0,feature_request
This is unacceptable! Export to CSV produces an empty file. Thank you.,1,bug_report
"Hi team, I want to stop my membersihp before the next renewal.",0,cancellation
"Good morning, I received a damaged item, the box was crushed. Any update?",0,shipping
"Hello, I forgot my username and the recovery link is broken.",0,login_access
This is unacceptable! I was charged twice for my Enterprise subscription this month. Thank you.,1,billing
URGENT!!! Single sign-on keeps redirecting me back to the login screen. Please advise.,1,login_access
"Good morning, I want to stop my membership before the next renewal.",0,cancellation
Thanks in advance! The package was delivered to the wrong address. Please advise.,0,shipping
"Good morning, Export to CSV produces an empty file. Any update?",0,bug_report
"Hope you can help. I can't log in, the password reset email never arrives.",0,login_access
"Very frustrated, I am switching providers, please terminate my contract. Please advise.",1,cancellation
"Thanks in advance! The payment falied but money left my account, please check the profile. Please advise.",0,billing
Thanks in advance! The settings page freezes and never finishes loading.,0,bug_report
"Hope you can help. I can't log in, the password reset email never arrives. Please advise.",0,login_access
Hope you can help. I want to stop my membership before the next renewal.,0,cancellation
THIS IS UNACCEPTABLE! I FORGOT MY USERNAME AND THE RECOVERY LINK IS BROKEN.,1,login_access
"Good morning, I forgot my username and the recovery link is broken.",0,login_access
"Hi team, Please add bulk ediitng to the checkout. Any update?",0,feature_request
Thanks in advance! I need to change the delivery address for my order. Thank you.,0,shipping
ASAP. PLEASE ADD BULK EDITING TO THE REPORT BUILDER. PLEASE ADVISE.,1,feature_request
Hope you can help. My order has not arrived and tracking has not updated in 12 days.,0,shipping
"THIS IS UNACCEPTABLE! THE PAYMENT FAILED BUT MONEY LEFT MY ACCOUNT, PLEASE CHECK THE BILLING PAGE. THANK YOU.",1,billing
"Hi team, My invoice shows the wrong amount, I need a refund for $19.99.",0,billing
THIS IS UNACCEPTABLE! THERE IS AN UNEXPECTED CHARGE OF $19.99 ON MY STATEMENT. ANY UPDATE?,1,billing
"Hi team, I want to stop my membership before the next renewal. Thank you.",0,cancellation
Hope you can help. Notifications show up twice and the badge count is wrong. Please advise.,0,bug_report
"Good morning, My order has not arrived and tracking has not updated in 5 days.",0,shipping
"Good morning, Clicking save on the report builder throws an error 500. Please advise.",0,bug_report
"Hi team, We wuold love an API endpoint for the settings. Thank you.",0,feature_request
"Hi team, My order has not arrived and tracking has not updated in 10 days.",0,shipping
URGENT!!! I need to change the delivery address for my order. Please advise.,1,shipping
Thanks in advance! How do I close my account and delete my data?. Please advise.,0,cancellation
"Hope you can help. Cancel my order, I no longer need it.",0,cancellation
NEED HELP IMMEDIATELY! WE WOULD LOVE AN API ENDPOINT FOR THE BILLING PAGE. ANY UPDATE?,1,feature_request
Hope you can help. Two-factor code is not working on my laptop.,0,login_access
"Good morning, Turn off auto-renew for my Team paln.",0,cancellation
"Good morning, The package was delivered to the wrong address.",0,shipping
"Good morning, Please add bulk ediitng to the checkout.",0,feature_request
"Good morning, I am switching providers, please terminate my contract. Any update?",0,cancellation
"Need help immediately! I am switching providers, please terminate my contract. Please advise.",1,cancellation
Thanks in advance! I forgot my username and the recovery link is broken. Any update?,0,login_access
"VERY FRUSTRATED, PLEASE CANECL MY PRO SUBSCRIPTION EFFECTIVE IMMEDIATELY. ANY UPDATE?",1,cancellation
"Hi team, I need to change the delivery address for my order.",0,shipping
Hope you can help. The app crashes whenever I open the checkout on my laptop. Any update?,0,bug_report
"Hi team, It would be great to have a checkout integration with Slack.",0,feature_request
"Hi team, Why was my credit card billed after I downgraded to Starter?. Thank you.",0,billing
"Hi team, Clicking save on the billing page throws an error 500.",0,bug_report
Hope you can help. I forgot my username and the recovery link is broken. Thank you.,0,login_access
Hope you can help. I was charged twice for my Team subscription this month.,0,billing
Thanks in advance! My order has not arrived and tracking has not updated in 3 days. Thank you.,0,shipping
"VERY FRUSTRAETD, THE PAYMENT FAILED BUT MONEY LEFT MY ACCOUNT, PLEASE CHECK THE REPORT BUILDER.",1,billing
Hope you can help. I want to stop my membership before the next renewal.,0,cancellation
Tahnks in advance! Export to CSV produces an epmty file.,0,bug_report
"Hope you can help. I can't log in, the password rseet email never arrives.",0,login_access
Hope you can help. Please add bulk editing to the checkout. Please advise.,0,feature_request
NEED HELP IMMEDIATELY! NOTIFICATIONS SHOW UP TWICE AND THE BADGE COUNT IS WRONG. THANK YOU.,1,bug_report
Hope you can help. Getting 'access denied' when opening the report builder page.,0,login_access
ASAP. I WANT TO STOP MY MEMBERSHIP BEFORE THE NEXT RENEWAL. THANK YOU.,1,cancellation
"Hi team, Single sign-on keeps redirecting me back to the login screen. Thank you.",0,login_access
"Hi team, Cancel my order, I no longer need it. Thank you.",0,cancellation
Hope you can help. My account is locked after too many attempts. Thank you.,0,login_access
"Hi team, Where is my parcel? It was supposed to arrive 7 days ago.",0,shipping
ASAP. CAN YOU SUPPORT EXPORTING TO PDF WITH CUSTOM BRANDING?. THANK YOU.,1,feature_request
"Hello, We would love an API endpoint for the dashboard.",0,feature_request
"Hello, Notifications show up twice and the badge count is wrong. Any update?",0,bug_report
"Good morning, The app crashes whenever I open the report builder on my iPhone. Thank you.",0,bug_report
"Hello, I received a damaged item, the box was crushed.",0,shipping
Hope you can help. My oredr has not arrived and tracking has not updated in 10 days.,0,shipping
"Hello, I can't log in, the password reset email never arrives. Thank you.",0,login_access
"Hello, The package was delivered to the wrong address.",0,shipping
Thanks in advance! There is an unexpected charge of $299 on my statement.,0,billing
URGENT!!! There is an unexpected cahrge of $120.50 on my staetment.,1,billing
Hope you can help. I want to stop my membership before the next renewal.,0,cancellation
"Hello, Suggestion: allow scheduling reports from the settings.",0,feature_request
Thanks in advance! Can you support exporting to PDF with custom branding?. Any update?,0,feature_request
ASAP. I need to change the delivery address for my order. Please advise.,1,shipping
"Hi team, Two-factor code is not working on my iPad.",0,login_access
"Hi team, Why was my credit card billed after I downgraded to Pro?. Any update?",0,billing
Hope you can help. Single sign-on keeps redirecting me back to the login screen. Please advise.,0,login_access
"Good morning, Two-factor code is not working on my iPhone. Any update?",0,login_access
"Thanks in advance! My invoice shows the wrong amount, I need a refund for $49.",0,billing
Need help immediately! Notifications show up twice and the badge count is wrong. Any update?,1,bug_report
"Good morning, Please add bulk editing to the settings. Please advise.",0,feature_request
"Hello, I want to stop my membership before the next renewal.",0,cancellation
"Hi team, The app crashes whenever I open the dashboard on my iPhone.",0,bug_report
This is unacceptable! Export to CSV produces an empty file.,1,bug_report
Thanks in advance! I need to change the delivery address for my oredr. Plesae advise.,0,shipping
Hope you can help. I need a copy of my receipt for the Starter plan. Thank you.,0,billing
"Hello, Clicking save on the billing page throws an error 500.",0,bug_report
Hope you can help. Clicknig save on the settings throws an error 500.,0,bug_report
"Good morning, Export to CSV produces an empty fiel.",0,bug_report
"Hi team, I want to stop my membership before the next renewal. Thank you.",0,cancellation
"Good morning, The courier marked my order as delivered but I got nothing. Thank you.",0,shipping
Thanks in advance! Can you support exporting to PDF with custom branding?. Tahnk you.,0,feature_request
"Hello, Single sign-on keeps redirecting me back to the login screen.",0,login_access
THIS IS UNACCEPTABLE! THE REPORT BUILDER PAGE FREEZES AND NEVER FINISHES LOADING. PLEASE ADVISE.,1,bug_report
"Good morning, The dashboard page freezes and neevr finishes loading. Thank you.",0,bug_report
Thanks in advance! It would be great to have a billing page integration with Slack. Please advise.,0,feature_request
"Hi team, My order has not arrived and tracking has not updated in 5 dyas.",0,shipping
"VERY FRUSTRATED, THERE IS AN UNEXPECTED CHARGE OF $120.50 ON MY STATEMENT.",1,billing
"Good morning, Notifications show up twice and the badge count is wrong. Thank you.",0,bug_report
"Hi team, Turn off auto-renew for my Enterprise plan.",0,cancellation
URGENT!!! I WAS CHARGED TWICE FOR MY TEAM SUBSCRIPTION THIS MONTH.,1,billing
"Hello, I am switching providers, please temrinate my contract. Please advise.",0,cancellation
NEED HELP IMMEDIATELY! I FORGOT MY USERNAME AND THE RECOVERY LINK IS BROKEN. PLEASE ADVISE.,1,login_access
Thanks in advance! Two-factor code is not working on my iPhone.,0,login_access
"Hello, Can you support exporting to PDF with csutom branding?.",0,feature_request
Thanks in advance! I forgot my username and the recovery link is broken.,0,login_access
"Good morning, Cancel my order, I no longer need it.",0,cancellation
"Good morning, We would love an API endpoint for the report builder. Thank you.",0,feature_request
This is unacceptable! Please add bulk editing to the dashboard. Thank you.,1,feature_request
Hope you can help. Dark mode makes the text unreadable in the settings.,0,bug_report
"Good morning, The courier marekd my order as delivered but I got nothing.",0,shipping
"Hello, We would love an API endpoint for the settings.",0,feature_request
"Hello, Single sign-on keeps redirecting me back to the login screen.",0,login_access
This is unacceptable! The package was delivered to the wrong address. Thank you.,1,shipping
ASAP. Getting 'access deneid' when opening the profile page. Please advise.,1,login_access
"Hi team, Notifications show up twice and the badge count is wrong. Please advise.",0,bug_report
"Good morning, Notifications show up twice and the badge count is wrong.",0,bug_report
"Very frustrated, I can't log in, the password reset email never arrvies.",1,login_access
"Good morning, Single sign-on keeps redirecting me back to the login screen. Any update?",0,login_access
"Helol, Turn off auto-renew for my Enterprise plan.",0,cancellation
URGENT!!! WHERE IS MY PARCEL? IT WAS SUPPOSED TO ARRIVE 12 DAYS AGO. ANY UPDATE?,1,shipping
URGENT!!! Clicking save on the settings throws an error 500. Please advise.,1,bug_report
Hope you can help. The courier marked my order as delivered but I got nothing. Any update?,0,shipping
"Hello, Export to CSV produces an empty file.",0,bug_report
ASAP. How do I close my account and delete my data?. Please advise.,1,cancellation
"Hello, My invoice shows the wrong amount, I need a refund for $9.99.",0,billing
Hope you can help. My account is locked after too many attempts. Please advise.,0,login_access
"VERY FRUSTRATED, HOW DO I CLOSE MY ACCOUNT AND DELETE MY DATA?.",1,cancellation
Need help immediately! My order has not arrived and tracking has not updated in 3 days. Any update?,1,shipping
"Good morning, The app carshes whenever I open the billing page on my iaPd.",0,bug_report
Hope you can help. Where is my parcel? It was supposed to arrive 10 days ago.,0,shipping
Hope you can help. Export to CSV produces an empty file. Any update?,0,bug_report
Hope you can help. Why was my credit card billed after I downgraded to Basic?.,0,billing
"VERY FRUSTRATED, TWO-FACTOR CODE IS NOT WORKING ON MY WINDOWS PC. PLEASE ADVISE.",1,login_access
"Hello, Turn off auto-renew for my Enterprise plan.",0,cancellation
"Hello, I want to stop my membership before the next renewal. Please advise.",0,cancellation
Hope you can help. Please cancel my Enterprise subscription effective immediately.,0,cancellation
"Good morning, I can't log in, the password reset email never arrives. Thank you.",0,login_access
"Hi team, Why was my credit card billed after I downgraded to Team?.",0,billing
Thanks in advance! Why was my credit card billed after I downgraded to Basic?.,0,billing
"Need help immediately! The payment failed but money left my account, please check the settings. Thank you.",1,billing
Thanks in advance! Notifications show up twice and the badge count is wrong. Any update?,0,bug_report
"Hello, The app crashes whenever I open the report builder on my Android phone. Thank you.",0,bug_report
"Hi team, I forgot my username and the recovery link is broken.",0,login_access
"Hello, Any plans for a native Windows PC app?. Any update?",0,feature_request
Thanks in advance! Export to CSV produces an empty file. Thank you.,0,bug_report
"ASAP. MY INVOICE SHOWS THE WRONG AMOUNT, I NEED A REFUND FOR $9.99.",1,billing
Hope you can help. Any plans for a native laptop app?.,0,feature_request
"Good morning, Notifications show up twice and the badge count is wrong. Thank you.",0,bug_report
Hope you can help. Export to CSV produces an empty file. Please advise.,0,bug_report
This is unacceptable! I forgot my username and the recovery link is broken.,1,login_access
ASAP. MY ORDER HAS NOT ARRIVED AND TRACKING HAS NOT UPDATED IN 3 DAYS. ANY UPDATE?,1,shipping
Hope you can help. Dark mode makes the text unreadable in the report builder. Any update?,0,bug_report
"Thnaks in advance! I can't log in, the password reset email neevr arrives.",0,login_access
"Good morning, My invoice shows the wrong amount, I need a refund for $9.99.",0,billing
"VERY FRUSTRATED, CLICKING SAVE ON THE CHECKOUT THROWS AN ERROR 500.",1,bug_report
"Hello, The courier marked my order as delivered but I got nothing.",0,shipping
Thanks in advance! The courier marked my order as delivered but I got nothing.,0,shipping
"Hi team, The app crashes whenever I open the billing page on my iPhone. Thank you.",0,bug_report
Thanks in advance! Notifications show up twice and the badge count is wrong.,0,bug_report
"Good morning, The dashboard page freezes and never finishes loading.",0,bug_report
THIS IS UNACCEPTABLE! THE COURIER MARKED MY ORDER AS DELIVERED BUT I GOT NOTHING. THANK YOU.,1,shipping
"Hello, Clciking save on the billing page throws an error 500. Thank you.",0,bug_report
URGENT!!! I was charged twice for my Starter subscription this month.,1,billing
"Hi team, My invoice shows the wrong amount, I need a refund for $19.99.",0,billing
"Good morning, I can't log in, the password reset email never arrives. Thank you.",0,login_access
"Hi team, Why was my credit card billed after I downgraded to Pro?. Thank you.",0,billing
"Need help immediately! I am switching proivders, please terminate my contract. Please advise.",1,cancellation
Hope you can help. Single sign-on keeps redirecting me back to the login screen.,0,login_access
Hope you can help. Notifications show up twice and the badge count is wrong.,0,bug_report
"Hello, I received a damaged item, the box was crushed. Please advise.",0,shipping
Need help immediately! The courier marked my order as delivered but I got nothing.,1,shipping
Thanks in advance! Getting 'access denied' when opening the report builder page.,0,login_access
"Hi team, Where is my parcel? It was supposed to arrive 7 days ago.",0,shipping
"Hi team, Turn off auto-renew for my Starter plan.",0,cancellation
"Good morning, Why was my credit card billed after I downgraded to Enterprise?.",0,billing
Thanks in advance! I forgot my username and the recovery link is broken. Thank you.,0,login_access
"Hi team, Plaese add bulk editing to the settings.",0,feature_request
"Good mroning, Why was my credit card billed after I downgraded to Basic?. Any update?",0,billing
Hope you can help. Where is my parcel? It was supposed to arrive 7 days ago.,0,shipping
URGENT!!! I FORGOT MY USERNAME AND THE RECOVERY LINK IS BROKEN.,1,login_access
URGENT!!! I WANT TO STOP MY MEMBERSHIP BEFORE THE NEXT RENEWAL. ANY UPDATE?,1,cancellation
ASAP. Pelase add bulk editing to the billing page.,1,feature_request
"Hi team, Two-factor code is not working on my laptop.",0,login_access
Hope you can help. I need to change the delivery address for my order. Thank you.,0,shipping
URGENT!!! The courier marked my order as delivered but I got nothing. Any update?,1,shipping
"Good morning, Cancel my order, I no longer need it.",0,cancellation
"Good morning, The payment failed but money left my account, please check the settings.",0,billing
"Good morning, Turn off auto-renew for my Enterpirse plan.",0,cancellation
"Helol, Cancel my order, I no longer need it.",0,cancellation
"Good morning, Clicikng save on the dashboard throws an error 500.",0,bug_report
"Good morning, The payment failed but money left my account, please check the report builder.",0,billing
Thanks in advance! Dark mode makes the text unreadable in the settings. Please advise.,0,bug_report
"Hello, Notifications show up twice and the badge count is wrong.",0,bug_report
"Hi team, Getting 'access denied' when opening the dashboard page.",0,login_access
"Hi team, My account is locked after too many attempts.",0,login_access
"Hi team, The payment failed but money left my account, please check the dashboard. Please advise.",0,billing
"Hi team, My invoice shows the wrong amount, I need a refund for $120.50.",0,billing
Hope you can help. The app crashes whenever I open the report builder on my Android phone. Please advise.,0,bug_report
"Hello, Pelase cancel my Starter subscription effective immediately.",0,cancellation
Hope you can help. Clicking save on the profile throws an error 500. Please advise.,0,bug_report
Hope you can help. Suggestion: allow scheduling reports from the settings.,0,feature_request
"VERY FRUSTRATED, I WAS CHARGED TWICE FOR MY PRO SUBSCRIPTION THIS MONTH.",1,billing
"URGENT!!! CANCEL MY ODRER, I NO LONGER NEED IT.",1,cancellation
Thanks in advance! Single sing-on keeps redirecting me back to the login screen. Please advise.,0,login_access
Thanks in advance! Single sign-on keeps redirecting me back to the login screen. Thank you.,0,login_access
"VERY FRUSTRATED, TURN OFF AUTO-RENEW FOR MY BASIC PLAN. ANY UPDTAE?",1,cancellation
"Hope you can help. Cancel my order, I no longer need it. Thank you.",0,cancellation
NEED HELP IMMEDIATELY! PLEASE ADD BULK EDITING TO THE SETTINGS. ANY UPDATE?,1,feature_request
NEED HELP IMMEDIATELY! CLICKING SAVE ON THE BILLING PAGE THROWS AN ERROR 500.,1,bug_report
"Hello, I can't log in, the password reset email never arrives.",0,login_access
Thanks in advance! There is an unexpected charge of $299 on my statement. Please advise.,0,billing
"Hello, Please cancel my Pro subscription effective immediately. Thank you.",0,cancellation
ASAP. THE COURIER MARKED MY ORDER AS DELIVERED BUT I GOT NOTHING. THANK YOU.,1,shipping
"Hi team, I am switching providers, please terminate my contract. Please advise.",0,cancellation
"Hello, Please cnacel my Enterprise subscription effective immediately. Please advise.",0,cancellation
"Very frustrated, I received a damaged item, the box was crushde.",1,shipping
"VERY FRUSTRATED, THE DASHBOARD PAGE FREEZES AND NEVER FINISHES LOADING. PLEASE ADVISE.",1,bug_report
This is unacceptable! Getting 'cacess denied' when opening the dashboard page. Any update?,1,login_access
"Hello, Notifications show up twice and the badge count is wrong. Please advise.",0,bug_report
Thanks in advance! I want to stop my membership before the next renewal.,0,cancellation
URGENT!!! My acconut is locked after too many attempts.,1,login_access
"Thanks in advance! I am switching providers, please terminate my contract. Thank you.",0,cancellation
URGENT!!! Any plans for a native Windows PC app?.,1,feature_request
URGENT!!! Export to CSV produces an empty file.,1,bug_report
NEED HELP IMMEDIATELY! PLEASE ADD BULK EDITING TO THE CHECKOUT.,1,feature_request
Thanks in advance! Turn off auto-renew for my Enterprise plan. Thank you.,0,cancellation
"Hello, Can you support exporting to PDF with custom branding?. Please advise.",0,feature_request
"This is unacceptable! I am switching providers, please terminate my contract. Any update?",1,cancellation
"Good mroning, Any plans for a native Windows PC app?. Please advise.",0,feature_request
Hope you can help. Please cancel my Starter subscription effective immediately. Please advise.,0,cancellation
Hope you can help. Where is my parcel? It was supposed to arrive 7 days ago. Thank you.,0,shipping
"VERY FRUSTRATED, I WAS CHARGED TWICE FOR MY PRO SUBSCRIPTION THIS MONTH. THANK YOU.",1,billing
"Hello, I need to change the delivery address for my order. Please advise.",0,shipping
"Very frustrated, Clicking save on the settings throws an error 500. Please advise.",1,bug_report
"Hello, How do I close my account and delete my data?. Thank you.",0,cancellation
Thanks in advance! Notifications show up twice and the badge count is wrong.,0,bug_report
"Hi tema, Where is my parcel? It was supposed to arrive 10 days ago. Please advise.",0,shipping
Need help immediately! The package was delivered to the wrong address.,1,shipping
"Hi team, I was charged twice for my Team subscription this month.",0,billing
"Hi team, I am switching providers, please terminate my contract.",0,cancellation
"Hope you can help. My invoice shows the wrong amount, I need a refund for $19.99. Thank you.",0,billing
"Hello, There is an unexpected charge of $49 on my statement.",0,billing
This is unacceptable! Please add bulk editing to the report builder.,1,feature_request
Thanks in advance! Please add bulk editing to the checkout.,0,feature_request
"Hope you can help. I received a damaged item, the box was crushed.",0,shipping
"Very frustrated, I forgot my username and the recovery link is broken. Tahnk you.",1,login_access
ASAP. MY ACCOUNT IS LOCKED AFTER TOO MANY ATTEMPTS.,1,login_access
ASAP. Where is my parcel? It was supposed to arrive 7 days ago. Plaese advise.,1,shipping
"Hello, Cancel my order, I no longer need it. Any update?",0,cancellation
"Good morning, My account is locked after too many attempts.",0,login_access
"Hi team, The checkout page freezes and never finishes loading.",0,bug_report
"Hello, The courier marked my order as delivered but I got nothing.",0,shipping
"Hi team, I am switching providers, please terminate my contract.",0,cancellation
"Hi team, How do I close my account and delete my data?. Please advise.",0,cancellation
Thanks in advance! My account is locked after too many attempts. Any updaet?,0,login_access
THIS IS UNACCEPTABLE! SUGGESTION: ALLOW SCHEDULING REPORTS FROM THE SETTINGS. PLEASE ADVISE.,1,feature_request
ASAP. TURN OFF AUTO-RENEW FOR MY PRO PLAN. THANK YOU.,1,cancellation
"Hello, Export to CSV produces an empty file.",0,bug_report
Hope you can help. How do I close my account and delete my data?. Any update?,0,cancellation
"Hello, I can't log in, the password reset email never arrives.",0,login_access
Thanks in advance! Please cancel my Team subscription effective immediately. Please advise.,0,cancellation
"Hello, I received a damaged item, the box was crushed. Any update?",0,shipping
"Hello, Why was my credit card billed after I downgraded to Team?.",0,billing
ASAP. The package was delivered to the wrong address.,1,shipping
"Hi team, Any plans for a native iPhone app?. Please advise.",0,feature_request
URGENT!!! Turn off auto-renew for my Basic plan.,1,cancellation
"Good morning, I received a damaged item, the box was cruhsed.",0,shipping
Hope you can help. I need to change the delivery address for my order. Please advise.,0,shipping
"Hello, I forgot my username and the recvoery link is broken. Please advise.",0,login_access
Hope you can help. I want to stop my membership before the next renewal. Any update?,0,cancellation
ASAP. THE PACKAGE WAS DELIVERED TO THE WRONG ADDRESS.,1,shipping
"Hi team, Getting 'access denied' when opening the billing page page. Any update?",0,login_access
"Very frustrated, Where is my parcel? It was supposed to arrive 3 days ago.",1,shipping
"VERY FRUSTRATED, MY ORDER HAS NOT ARRIVED AND TRACKING HAS NOT UPDATED IN 7 DAYS.",1,shipping
"Hope you can help. The payment failed but money left my account, please check the settings.",0,billing
ASAP. We would love an API endpoint for the billing page.,1,feature_request
Hope you can help. The package was delivered to the wrong address. Thank you.,0,shipping
"Hi team, It would be great to have a profile integration with Slack.",0,feature_request
"Hi team, How do I clsoe my account and delete my data?.",0,cancellation
THIS IS UNACCEPTABLE! GETTING 'ACCESS DENIED' WHEN OPEINNG THE REPORT BULIDER PAGE. THANK YOU.,1,login_access
Hope you can help. Where is my parcel? It was supposed to arrive 7 days ago. Any update?,0,shipping
Thanks in advance! I was charged twice for my Starter subscription this month. Thank you.,0,billing
Thanks in advance! The dashboard page freezes and nveer finishes loading. Any update?,0,bug_report
"Hello, Single sign-on keeps redirecting me back to the login screen. Thank you.",0,login_access
"Hello, Cancel my order, I no longer need it. Thank you.",0,cancellation
"Hi team, I need to change the delivery address for my order. Any update?",0,shipping
"Thanks in advance! The payment failed but money left my accuont, please check the dashboard. Thank you.",0,billing
"Hello, Why was my credit card billed after I downgraded to Enterprise?.",0,billing
"Good morning, Single sign-on keeps redirecting me back to the login screen. Thank you.",0,login_access
"Thanks in advance! I can't log in, the password reset email nveer arrives. Any update?",0,login_access
ASAP. I NEED A COPY OF MY RECEIPT FOR THE PRO PLAN.,1,billing
"URGENT!!! The payment failed but money left my account, please check the settings.",1,billing
"Hi team, The app crashes whenever I open the dashboard on my iPhone.",0,bug_report
THIS IS UNACCEPTABLE! PLAESE ADD BULK EDITING TO THE SETTINGS.,1,feature_request
"Good morning, Where is my parcel? It was supposed to arrive 12 days ago. Any update?",0,shipping
"Good morning, My order has not arrived and tracking has not updated in 12 days.",0,shipping
Thanks in advance! My order has not arrived and tracking has not updated in 10 days.,0,shipping
Hope you can help. How do I close my account and delete my data?.,0,cancellation
Thanks in advance! The app crashes whenever I open the settings on my iPad. Please advise.,0,bug_report
"ASAP. I received a damaged item, the box was crushed. Any update?",1,shipping
"Hello, I need to change the delivery address for my order.",0,shipping
Hope you can help. Notifications show up twice and the badge count is wrong.,0,bug_report
URGENT!!! Suggestion: allow scheduling reports from the checkout. Any update?,1,feature_request
URGENT!!! MY ACCOUNT IS LOCKED AFTER TOO MANY ATTEMPTS.,1,login_access
ASAP. WHY WAS MY CERDIT CARD BILLED AFTER I DOWNGRADED TO PRO?. ANY UPDTAE?,1,billing
Thanks in advance! How do I close my account and delete my data?. Any update?,0,cancellation
"Hello, I can't log in, the password reset email never arrives. Please advise.",0,login_access
URGENT!!! I NEED TO CHANGE THE DELIVERY ADDRESS FOR MY ORDER.,1,shipping
Need help immediately! Any plans for a native iPad app?. Any update?,1,feature_request
Thanks in advance! I want to stop my membership before the next renewal. Thank you.,0,cancellation
Thanks in advance! It would be great to have a billing page integration with Slack. Thank you.,0,feature_request
THIS IS UNACCEPTABLE! I NEED TO CHANGE THE DELIVERY ADDRESS FOR MY ORDER.,1,shipping
"Hi team, Clicking save on the checkout throws an error 500.",0,bug_report
Need help immediately! Turn off auto-renew for my Basic plan.,1,cancellation
Hope you can help. The pcakage was delivered to the wrong address.,0,shipping
Hope you can help. Where is my parcel? It was supposed to arrive 10 days ago.,0,shipping
NEED HELP IMMEDIATELY! I FORGOT MY USERNAME AND THE RECOVERY LINK IS BROKEN. PLEASE ADVISE.,1,login_access
"Hello, I forgot my username and the recovery link is broken. Any update?",0,login_access
Hope you can help. It would be great to have a profile integration with Slack. Please advise.,0,feature_request
Thanks in advance! I need a copy of my receipt for the Enterprise plna. Thank you.,0,billing
Thanks in advance! Getting 'access denied' when opening the dashboard page. Please advise.,0,login_access
"Good morning, Suggestion: allow scheduling reports from the billing page.",0,feature_request
"VERY FRUSTRATED, WE WUOLD LOVE AN API ENDPOINT FOR THE REPORT BUILDER.",1,feature_request
Hope you can help. Getting 'access denied' when opening the billing page page. Any update?,0,login_access
NEED HELP IMMEDIATELY! PLEASE ADD BULK EDITING TO THE DASHBOARD. ANY UPDATE?,1,feature_request
"Hi team, I need to change the delivery address for my order.",0,shipping
"Hi team, Dark mode makes the text unreadable in the report builder. Any update?",0,bug_report
Hope you can help. We would love an API endpoint for the settings.,0,feature_request
"Hello, Please add bulk editing to the report builder. Thank you.",0,feature_request
URGENT!!! We would love an API endpoint for the billing page.,1,feature_request
"Thanks in advance! I am switching providers, please terminate my contract. Any update?",0,cancellation
URGENT!!! WE WOULD LOVE AN API ENDPOINT FOR THE BILLING PAGE. THANK YOU.,1,feature_request
Hope you can help. How do I close my account and delete my data?. Please advise.,0,cancellation
Hope you can help. We would love an API endpoint for the billing page. Tahnk you.,0,feature_request
"URGENT!!! I received a damaged item, the box was crushed. Any update?",1,shipping
Thanks in advance! Can you support exporting to PDF with csutom branding?.,0,feature_request
"Good morning, Cancel my order, I no longer need it.",0,cancellation
"Hi team, I am switching providers, please terminate my contract.",0,cancellation
Thanks in advance! The courier marked my order as delivered but I got nothing. Any update?,0,shipping
Thanks in advance! Dark mode makes the text unreadable in the settings.,0,bug_report
"Hi team, Two-factor code is not working on my laptop. Please advise.",0,login_access
Thanks in advance! Please add bulk editing to the report builder.,0,feature_request
"Hello, The package was delivered to the wrong address. Any update?",0,shipping
"Good morning, Where is my parcel? It was supposed to arrive 5 days ago.",0,shipping
"Hi team, Clicking save on the report builder throws an error 500.",0,bug_report
"Hello, The app crashes whenever I open the checkout on my Android phone.",0,bug_report
"Hi team, Single sign-on keeps redirecting me back to the loign screen. Thank you.",0,login_access
"Hello, The courier marked my order as delivered but I got nothing. Thank you.",0,shipping
Thanks in advance! Please cancel my Enterprise subscription effective immediately.,0,cancellation
"Very frustrated, My order has not arrived and tracking has not updated in 7 days. Please advise.",1,shipping
"Good morning, The coureir marked my order as delivered but I got nothing.",0,shipping
"Thanks in advance! My invoice shows the wrong amount, I need a refund for $299. Any update?",0,billing
"Hi team, Export to CSV produces an empty file.",0,bug_report
ASAP. Snigle sign-on keeps redirecting me back to the login screen.,1,login_access
"Good morning, The app crashes whenever I open the report builder on my Android phone.",0,bug_report
Need help immediately! Suggestion: allow scheduling reports from the report builder. Please advise.,1,feature_request
Hope you can help. I need to change the delivery address for my order. Any update?,0,shipping
"Very frustrated, Dark mode makes the text unreadable in the billing page. Any update?",1,bug_report
"Good morning, The payment failed but money left my account, please check the profile. Any update?",0,billing
URGENT!!! Why was my credit card billed after I downgraded to Team?.,1,billing
"Good morning, The profile page freezes and never finishes loading.",0,bug_report
NEED HELP IMMEDIATELY! WHY WAS MY CREDIT CARD BILLED AFTER I DOWNGRADED TO BASIC?.,1,billing
"Good morning, How do I close my account and delete my data?. Any update?",0,cancellation
Thanks in advance! The app crashes whenever I open the profile on my iPhone. Please advise.,0,bug_report
"Hi team, Any plans for a native Windows PC app?. Please advise.",0,feature_request
"Good morning, The dashboard page freezes and nveer finishes loading. Please advise.",0,bug_report
Hope you can help. Please add bulk editing to the checkout.,0,feature_request
"Hi team, My order has not arrived and tracking has not updaetd in 5 days. Any update?",0,shipping
"Good morning, How do I close my account and deltee my data?.",0,cancellation
"Hi team, Clicking save on the settings throws an error 500. Any update?",0,bug_report
Hope you can help. I need to change the delivery address for my order. Thank you.,0,shipping
ASAP. SINGLE SIGN-ON KEEPS REDIRECTING ME BACK TO THE LOGIN SCREEN.,1,login_access
"Good morning, Two-factor code is not working on my iPad. Please advise.",0,login_access
This is unacceptable! I need to change the delivery address for my order. Thank you.,1,shipping
"Hello, My invoice shows the wrong amount, I need a refund for $120.50. Any update?",0,billing
"Thanks in advance! Cancel my order, I no longer need it.",0,cancellation
Thanks in advance! I want to stop my membership before the next renewal. Thank you.,0,cancellation
"VERY FRUSTRATED, HOW DO I CLOSE MY ACCOUNT AND DELETE MY DATA?. PLEASE ADVISE.",1,cancellation
"VERY FRUSRTATED, THE COURIER MARKED MY ORDER AS DELIVERED BUT I GOT NOTHING.",1,shipping
Hope you can help. Why was my credit card billed after I downgraded to Starter?. Any update?,0,billing
THIS IS UNACCEPTABLE! GETTING 'ACCESS DENIED' WHEN OPNEING THE DASHBOARD PAGE. PLEASE ADVISE.,1,login_access
Hope you can hepl. The courier marked my order as delivered but I got nothing. Thank you.,0,shipping
NEED HELP IMMEDIATELY! WHY WAS MY CREDIT CARD BILLED AFTER I DOWNGRADED TO BASIC?.,1,billing
"Hello, Suggestion: allow scheduling reports from the dashboard. Thank you.",0,feature_request
"Hello, The app crashes whenever I open the profile on my Windows PC. Thank you.",0,bug_report
Thanks in advance! Any plans for a native Windows PC app?.,0,feature_request
"VERY FRUSTRATED, CANCEL MY ORDER, I NO LONGER NEED IT. PLEASE ADVISE.",1,cancellation
"Hello, The app crashes whenever I open the settings on my laptop.",0,bug_report
"Very frustrated, Any plans for a native iPad app?. Thank you.",1,feature_request
Hope you can help. I was charged twice for my Pro subscription this month.,0,billing
Hope you can help. How do I close my account and delete my data?. Any update?,0,cancellation
"Hello, Clicking save on the billing page throws an error 500. Thank you.",0,bug_report
ASAP. Two-factor code is not working on my Android phone.,1,login_access
"Hello, There is an unexpected charge of $9.99 on my statement.",0,billing
"URGENT!!! CANCEL MY ORDER, I NO LONGER NEED IT.",1,cancellation
Thanks in advance! Two-factor code is not working on my Andriod phone.,0,login_access
"This is unacceptable! Cancel my order, I no longer need it.",1,cancellation
"URGENT!!! I can't log in, the password reset emial never arrives. Please advise.",1,login_access
"Hi team, The report builder page freezes and never finishes loading. Thank you.",0,bug_report
"Hello, Dark mode makes the text unreadable in the billing page.",0,bug_report
"Hello, The payment failed but money left my account, please check the settings.",0,billing
THIS IS UNACCEPTABLE! DARK MODE MAKES THE TEXT UNREADABLE IN THE REPORT BUILDER. ANY UPDATE?,1,bug_report
"Hello, We would love an API endpoint for the report builder. Thnak you.",0,feature_request
"Hello, Single sign-on keeps redirecting me back to the login screen. Please advise.",0,login_access
URGENT!!! NOTIFICATIONS SHOW UP TWICE AND THE BADGE COUNT IS WRONG.,1,bug_report
"Hello, Cancel my order, I no longer need it.",0,cancellation
"Hello, Notifications show up twice and the badge conut is wrong.",0,bug_report
"Very frustrated, Where is my parcel? It was supposed to arrive 3 days ago.",1,shipping
Thanks in advance! Why was my credit card billed after I downgraded to Enterprise?.,0,billing
"Hope you can help. My invoice shows the wrong amount, I need a refund for $19.99.",0,billing
"VERY FRUSTRATED, ANY PLANS FOR A NATIVE LAPTOP APP?. THANK YOU.",1,feature_request
"Good morning, I can't log in, the password reset email never arrives.",0,login_access
Hope you can help. Sgugestion: allow scheduling reports from the checkout. Any update?,0,feature_request
"Good morning, Clicking save on the checkout throws an error 500. Thank you.",0,bug_report
Hope you can help. Clicking save on the billing page throws an error 500.,0,bug_report
URGENT!!! PLEASE ADD BULK EDITING TO THE DASHBOARD.,1,feature_request
"VERY FRUSTRATED, THE COURIER MARKED MY ORDER AS DELIVERED BUT I GOT NOTHING.",1,shipping
Thanks in advance! Turn off auto-renew for my Enterprise plan.,0,cancellation
"Very frustrated, My invoice shows the wrong amount, I need a refund for $299.",1,billing
NEED HELP IMMEDIATELY! GETTING 'ACCESS DENIED' WHEN OPEINNG THE CHECKOUT PAGE. ANY UPDATE?,1,login_access
"Hello, It wolud be great to have a profile integration with Slack.",0,feature_request
ASAP. Suggestion: allow scheduling reports from the billing page.,1,feature_request
THIS IS UNACCEPTABLE! I WANT TO STOP MY MEMBERSHIP BEFORE THE NEXT RENEWAL.,1,cancellation
Hope you can help. We wolud love an API endpoint for the settings. Any update?,0,feature_request
"Good morning, I want to stop my membership befroe the next renewal. Thank you.",0,cancellation
Hope you can help. There is an unexpected charge of $1205.0 on my statement. Please advise.,0,billing
NEED HELP IMMEDIATELY! I WANT TO STOP MY MEMBERSHIP BEFORE THE NEXT RENEWAL. THANK YOU.,1,cancellation
"Good morning, Getting 'access denied' when opening the profile page. Please advise.",0,login_access
This is unacceptable! Suggestion: allow scheduling reports from the dashboard.,1,feature_request
"Hello, Cancel my order, I no longer need it. Thank you.",0,cancellation
"Hello, Please cancel my Pro subscription effective immediately.",0,cancellation
Thanks in advance! Two-factor code is not working on my iPhone.,0,login_access
"Hi team, Suggestion: allow scheduling reports from the settings.",0,feature_request
THIS IS UNACCEPTABLE! SUGGESTION: ALLOW SCHEDULING REPORTS FROM THE PRFOILE. PLEASE ADVISE.,1,feature_request
"Hi team, My order has not arrived and tracking has not updated in 7 dasy.",0,shipping
"Hello, Getting 'access denied' when opening the report builder page.",0,login_access
"Good morning, I need a copy of my receipt for the Enterprise plan.",0,billing
This is unacceptable! The package was delivered to the wrong address. Thank you.,1,shipping
"Hello, Clicking save on the billing page throws an error 500. Any update?",0,bug_report
This is unacceptable! Turn off auto-renew for my Enterprise plan. Please advise.,1,cancellation
Hope you can help. Notifications show up twice and the badge count is wrong. Please advise.,0,bug_report
"Hi team, I forgot my username and the recovery link is broken. Please advise.",0,login_access
ASAP. SINGLE SIGN-ON KEEPS REDIRECTING ME BACK TO THE LOGIN SCREEN. PLEASE ADVISE.,1,login_access
"Good morning, I want to stop my membership before the next renewal. Please advise.",0,cancellation
"Hello, I need a copy of my receipt for the Team plan. Any update?",0,billing
Hope you can help. My acocunt is locked after too many attempts.,0,login_access
"Hi team, The dashboard page freezes and never finishes loading.",0,bug_report
ASAP. TURN OFF AUTO-RENEW FOR MY BASIC PLAN.,1,cancellation
THIS IS UNACCEPTABLE! THE APP CRASHES WHENEVER I OPEN THE BILLING PAGE ON MY WINDOWS PC.,1,bug_report
Thanks in advance! Please add bulk editing to the checkout.,0,feature_request
ASAP. WE WOULD LOVE AN API ENDPOINT FOR THE SETTINGS.,1,feature_request
NEED HELP IMMEDIATELY! SINGLE SIGN-ON KEEPS REDIRECTING ME BACK TO THE LOGIN SCREEN.,1,login_access
"VERY FRUSTRATED, THE COURIER MARKED MY ORDER AS DELIVERED BUT I GOT NOTHING.",1,shipping
"Hello, The payment failed but money left my account, please check the profile. Any update?",0,billing
"Hello, I want to stop my membership before the next renewal. Thank you.",0,cancellation
Need help immediately! Any plnas for a native laptop app?.,1,feature_request
"Hello, There is an unexpected charge of $19.99 on my statement.",0,billing
"Good morning, Suggsetion: allow scheduling rpeorts from the settings. Any update?",0,feature_request
"Thanks in advance! I can't log in, the password reset email never arrives.",0,login_access
NEED HELP IMMEDIATELY! HOW DO I CLOSE MY ACCOUNT AND DELETE MY DATA?. ANY UPDATE?,1,cancellation
"Hi team, The package was delivered to the wrong address. Thank you.",0,shipping
NEED HELP IMMEDIATELY! DARK MODE MAKES THE TEXT UNREADABLE IN THE SETTINGS. ANY UPDATE?,1,bug_report
NEED HELP IMMEDIATELY! DARK MODE MAKES THE TEXT UNREADABLE IN THE SETTINGS.,1,bug_report
"Hi team, It would be great to have a billing page integration with Slack.",0,feature_request
"Hi team, Export to CSV produces an empty file. Thank you.",0,bug_report
